,emotion,generated_sentence
0,E68," 그리고 그분들은 내 인생 최고의 친구들인데.""
그녀는 자신의 삶을 위해 최면을 건다고 말했다.
그리고 내 인생을 바꿀 만한 일이 있을 때 그분들을 위해 기도"
1,E68," 내가 이걸로 내 인생을 살 수 있을까? 나는 이대로 죽는 걸 바라지 않을 테고""
""아니, 나는 죽는 게 싫어.""
이렇게 말한 후 이젠 다시 그 말에"
2,E68, 그래서 나는 이거 하고 놀았단다. 그리고 나서 이번에 우리 손자가 이겼단 말예요. 그래서 그걸 보면서 우리 손자는 이거
3,E68," 그리고 나는 그 친구와 내가 같이 운동을 하는 모습을 보며 정말 신기했거든.""
나는 운동할 때마다 항상 그 친구가 내게 좋은 친구가 되고 싶었어.
"
4,E68," 그리고 내가 이젠 안아 줄 테니 너희들이랑 같이 살 수 있어.""
아무래도 내 마음은 내 건강보다는 내가 건강해지지 않을까 싶어 마음이 급해진 모양이다.
"
5,E68," 그리고 나랑 친해진 이후로 나는 항상 친하게 지내서 항상 친해져.""
""친구들과 얘기하는 걸 보면 내가 친해진 게 정말 감사한 거"
6,E68," 아이고. 그래? 예뻐서 너무 좋았어. 너무 감사하다. 예. 그래야지 예뻐야 돼.""
그런데 아까부터 그게 <unk>"
7,E68," 내가 왜 이렇게 바쁜지. 나 진짜. 왜 이러는 거예요
나 지금 뭐야? 왜 이러지 그래요?
그냥 내가 왜 그래요.
내가 너한테 뭐 해"
8,E68," 하지만 그게 쉽지도 않고 쉽지 않은 것 같아서.""
이미 다 된 일인데도 이럴 때일수록 조심해서 행동하는 것 같았다.
이제껏 이 일을 겪었다면 지금쯤은"
9,E68," 그 정도 체력으론 넌 내 체력이 부족할 것 같아.
하지만 내 체력만큼도 충분히 보충해줄게!
내게 남은 건 바로 이거.
그런 건 필요 없으니.
"
10,E60," 그런데 요즘에는 노인들의 여가 활동을 위한 프로그램들도 많아.
그럼, 노인 여가 활동은? 어째? 우리도 좀 배워 봐라.
우리나라 노인 여가 활동이 너무 다양"
11,E60," 그래서 아들한테도 칭찬을 해줬고 나도 칭찬하고 싶다고 하셨어.
그러다 갑자기 아들도 휴대폰 바꿔줬"
12,E60,"</d> 오늘부터 뭘 먹어야 할 지 몰라.
그래야 내가 행복해질 텐데, 내 마음엔 괜찮은데.</d> "
13,E60," 그땐 정말 행복했던가. 그래서 나는 이게 정말 내가 정말 자랑스러운 사람이 되고 싶었거든.
이번 기회는 내가 그 동안 살면서 정말 많은 것을"
14,E60," 그리고 이번에 우리 딸도 우리 딸도 잘 자라. 그래서 내가 잘 살 수 있잖아, 이번에 내가 우리 딸아이와 결혼해서 잘 살면 너는 행복해질 것 같은 느낌이 든다."
15,E60," 우리도 그 애를 위해 기도해야 돼.""
나는 그 말에 고개를 저었다.
그리고 내 말을 듣자마자 고개를 숙여주었다.
나는 다시 눈을 떴을 때, 내가 내 말을 듣던 자리에"
16,E64," 이 마을에서 나는 항상 이 마을의 사람들과 아주 가깝게 지내고 있었거든. 이 마을에 사는 사람들은 항상 내가 살고 싶어 하는 곳으로 찾아갔어.""
그녀는 그 마을에서 살고 있다는 사실만으로 기뻐하는 기"
17,E64," 우리집은 그걸 다 좋아하고 있어? 그걸 좋아해?
아빠랑 아저씨, 그건 정말 잘 어울린다는 생각이"
18,E64," 그래서 우리 모두는 우리와 친해지고 친해지는 거라고 생각해.""
""아직 안 왔나 봐요. 저희들이 먼저 와서 인사해 주고 싶거든. 그래서"
19,E64," 내 인생에 꼭 한 가방을 들고 싶었어.
내가 왜 이런 곳에 이사를 왔지.</d> 오늘 낮 최고 기온이 30°C 안팎을 보이"
20,E64," 그리고 노인들이 살기 좋은 마을이 되길 바라. 노인들은 우리 마을에 와서 살고 싶다.""라며 ""그럼 우리 마을이 노인을 위한 마을이라면?""이라고 질문했다.
이에"
21,E64," 그래서 내가 떡을 가져갔더니 떡을 주려고 했대요.""
""어디 떡을 가져오셨지요요요""
이런 얘기였다.
이제"
22,E64, 그래서 나도 언젠가를 떠나야 하는 게 아니냐? 그건 알지만 내가 떠나야 한다고 생각하는 거잖아? 내가 떠난 다음에라도 그 동네에서 계속 살아갈 거라고 생각하는데.
23,E64," 내가 너한테 얼마나 많은 걸 가르쳐주었는데 그건 다 네 몫이야.
내가 잘해줘도 네 몫을 잘해줘. 너희들이 잘해주잖아, 너는 잘해주지만 네 몫"
24,E64," 감사합니다.
이제부터는 우리 가족에게 맛있는 저녁밥을 차려드리도록 할 계획입니다.
아무것도 하지 말고 그냥 조용히 쉬십시오!
아무리 생각"
25,E64,".
그렇게 김치와 반찬들을 맛보고 나니까
엄마가 김치도 많이 드시게 됐어요.
저번에 다녀온 김치를 먹다보니"
26,E64," 우리 마을 사람들이 그 일을 하고 있는 것이 자랑스럽고, 우리 마을 사람들이 아주 기뻐할 뿐이지, 우리 마을의 사람들이 그 일들을 하면서 우리 마을의 사람들을 행복해하는 것이 정말 행복할 수가 없구나 하는 생각을"
27,E61, 그리고 이제부터는 이제부터는 좀 열심히 살 거라고. 그리고 또 한 가정이 생겼어. 그래서 이제 이십대 중반으로 보이는 한 여고생의 아버지가 그게 좀 힘들어 보이
28,E61," 그리고 이걸 통해서 내가 행복해. 그래서 이걸 좀 더 적극적으로 활용하면 더 좋은 결과가 나오지. 그러면은 우리 사회에 어떤 변화가 일어날까? 어떨까?
이제 이거"
29,E61," 하지만 나는 내 딸들을 위해 더 좋은 세상을 만들고 싶은데..""
이제껏 나를 도와주고 사랑해 준 분들이 모두 다 나라고 생각하며 나는 이렇게 말을 한다.
"
30,E61," 그리고 우리도 그걸로 만족을 해야 할 거고 또 앞으로도 그렇게 해야 할 거야.""
나는 고개를 숙여 말했다.
나는 그 순간까지 그 일을 하고"
31,E65," 이럴 수 있는 사람은 아무도 없을 테니.""
""어떻게 그럴 수는 없는 일이야.""
나는 씩 웃음을 터트리고 있었다.
그녀의 눈빛에 미소는"
32,E64,"!
아무쪼가리 <unk><unk> #아기자기장 만들어줘요!</d> <18.01.08.15.수 `#서울랜드
``#경주 #아쿠아나틱 "
33,E67," 이걸 가지고 왜 이렇게 난리야?
어디까지 갈 건데. 이따 저녁부터 하자.
그게. 아빠! 이거.
그런 건 아니지.
어디로 가는 거지!
아빠가"
34,E65," 왠만해서 그게 마음에 안 들어.
아무래도 왠만해서는 안 되는 것 같애서 그런 것 같아서.
""어휴! 저, 아까 전화해줘"
35,E67," 근데, 이 선생님을 보니깐, 이거 좀 더 조심해줘서 좋겠다는 마음이 들어.""
이렇게 말하고 담임의 손을 잡고는 다시 학교로"
36,E67,"""라며, 웃는다.
그렇게 몇 개월을 지내다가 어느 날, 우연히 한 여학생이 있었다.
이름이 뭐라고 했냐면 바로 그 학생이"
37,E67," 결혼식에 참석한 사람들이 다 같이 축하하고 행복해졌지 뭐.
이런 게 다 내 결혼식이거든.
그래서 결혼식을 올리지 않고 그냥 결혼식에 참석한 사람들은 모두 축하해"
38,E61,"!
아빠도 이제 곧잘 만나요 ᄏ.ᄏ.ᄒᄒ</d> 요즘 너무 많이 먹게 되네용! <unk>! ᄏ.<unk> ᄏ.
아직 먹지 못한 닭볶음에"
39,E68," 그땐 나도 그렇게 했었는데.""
아이는 그렇게 대답했지요.
그랬더니 그건 또 뭐야?
그랬더니, 아이가 그 얘기하고 싶어 하는 거라고 하더라는 겁니다. 며칠"
40,E62," 그걸 보면서 우리 부서도 그건 잘했다고 생각이 들어요”라고 웃으며 말했다.
한화생명과 삼성카드를 합병해 만든 삼성카드가 삼성카드의 모기업"
41,E66," 하지만 내가 다시 한 달 만에 다시 찾아온 날엔, 내 몸이 점점 쇠약해져서 견딜 수가 없게 됐지.""
이미 그는 내 몸이 곧 죽을"
42,E60,"!!!""
나는 갑자기 울컥하는 가슴을 쓸어 내렸다.
""그래!!!! 정말 너무 잘됐어.""
아니, 내가 정말 잘됐다는 생각이 드는군!!!
그런데도"
43,E68," 어~ 그~ 허리치수도 많이 내려갔지 않습니까?
아~ 예 예예. 허리치는 좀 더 낮아지긴 하죠.
그니까 이제 허리치는 이제 좀 내려왔고 네"
44,E64," 그런데 이제 그게 좀 안 되잖어요?
네. 어 그게 좀 아쉽네요
그~ 저~ 이게 좀 아깝네요?
예전에 뭐 저"
45,E64," 그런데 오늘 발표할 거라고 생각하진 않았거든.
그러니까 그게 뭐~ 저희 회사도 그렇게 생각하고 있는 그런 상황이긴 하지만은.
그래가면 이게 그~ 저"
46,E60," 그래서 내가 피아노 선생님과 친해지고 난 뒤에 내가 좋아하는 피아노를 찾아보게 되었어.
그때 내가 그 선생님을 만났거든?
그런 얘길 들었었"
47,E60, 그래서 다이어트는 하지 않아도 되고 다이어트를 하면 다이어트 효과만 있어? 다이어트를 하면서 몸매를 만들려고 하면 안 될 것 같아서 운동을 시작하게 됐는데 다이어트는 안 해도 돼.
48,E61," 그거라도 해줘. 이거 해줘야겠어.
그래도 이게 뭐가 그리 좋은데. 어~ 내가 그걸"
49,E61," 그리고 수술도 빨리 끝내고. 그리고 나중에는 수술할게!""
그때 나는 내 옆에 서서 그 말을 했다.
그리고 내 말을 들은 순간 그 순간 내 옆에 있던 다른 사람들이"
50,E67, 괜히 내가 이걸 팔려고 샀나. 어차피는 이걸 사야 하는데 <unk>네한테 이걸 팔면 안 되나. 아휴. 이거는 팔
51,E60," 괜찮을 거야.""
이런 말들은 모두 내 귀에 들리지 않았습니다.
이제 와서 왜 그런 소리를 할까, 아니면 이번에 내가"
52,E65, 그러더니 서울대 의과대학에 들어가더니 의사가 되고 싶어서 서울대 법대로 진학해요. 그래서 의사가 됐대.” “의사라면 뭐라도 되는 거죠”라고 웃으면서 말을 건넸다.</d> 이번에 새로
53,E67," 내가 지금 이게 <unk>냐, 뭘 찾고 있는 거야?
내가 뭘 찾냐? 그걸 찾으러 가.
그냥 가자.
아무튼 그거 알아.
"
54,E67, 그 후로도 자주 병원을 다녔는데 요즘에야 그~ 내가 좀 나아졌어. 그 이후로 계속 좀 좋아졌었잖. 그니까 내가 좀 더 좋아졌다는 거지. 그
55,E69," 하지만 나는 공부도 못해서 결국 부모님의 도움을 받지 못했어""
그렇게 해서 그는 어느 날, 한 가지 결심을 한다.
'아직까지 내가 원하는 것이 무엇이었는가' 라는 생각"
56,E60,""" 라고 외쳤다. #</d> 서울 - 서울 - 한국시간 오전 8시30분 00시(현지시시간)부터 시작된 미국 워싱턴에서 열린 제2차 핵 안보회의 (일명 다크 투게더는) 이날 오전"
57,E60," 내일은 또 <unk>니까, 아~ 아유!! 괜히 내일을 생각했구나?""
그녀의 말에 나는 깜짝 놀랄 수 있는 표정으로 웃었다.
아니나야?"
58,E64," 내가 봤더니 이번에 그게 좋은 성적으로 끝났더라고.
아무튼 내가 그거 다 보고 나서 이번에 봤을 때도 좋은 결과가 나와서 좋더라는 거지 뭐 이런 식으로 하면"
59,E63,"</d> ᄏ~ᄏ
오늘의 첫 사진은 `#셀카그램 _.
<unk>beefe.do _
"
60,E68, 그래서 그걸 어떻게 하면 좋아하죠? 어. 그~ 이~ 그~ 어르신에 대한 예~ 이런 그 어 어~ 뭐~ 그~ 뭐랄까요. 뭐라구요.
61,E68," 난 그 댁에 대해 너무 많이 알아.""
나는 그의 손을 잡았다.
그는 내게서 눈길을 돌리기 시작했다.
그의 손은 나의 손에 이끌려서 내 손에 잡히고 있었다.
""그 <unk>이 뭐라구요. 내가 왜"
62,E66," 내가 이걸 잘할 수 있겠느냐고.""
""아냐, 잘할 거라고 생각하진 말아줘. 하지만 난 너의 재능을 믿고 싶다. 네가 이 일을 하고 난 뒤 네 인생 전부를"
63,E67," 그래서 오늘도 좋은 기회로 만들어보자고 해서.""
이미지 메이킹도 하고.
나는 오늘 컨디가 좋았으니 내일을 기대한다며.
그날따라 컨디가 안좋은 것 같아서"
64,E61," 그 사람이 뭘 그렇게 많이 샀는지 알아. 그게 다 뭘 그렇게 많이 땄나 봐.
그게 그 사람하고 무슨 관계인지 모르겠네. 그 사람이 그 사람의"
65,E60," 그런데 이거 왠지 기분이 나빠져서 뭔가 씁쓸하고 아팠을 텐테.""
나는 그 말에 괜히 마음이 편해졌다.
""아무래도 그걸"
66,E60," 괜찮겠어.
나보고 뭔데 그런 얘기 하라고 그러는 건 아니니까.
아무튼 나보고는 나보다 훨씬 더"
67,E60," 그래서 그걸 듣고 내가 너무 기분 나쁘다고 말했어.” 김 대표도 “그래요.”라고 답했다”고 했다.
“나한테"
68,E67, 그게 그걸 어떻게 해야 될 거 같으면은 네네네 그게 그거랑 상관없잖니? 아하 아아아 그거는 이제 뭐야. 그거랑 무관해? 네네.
69,E60,".
그래, 나도 괜스레 걱정에 빠지더라고.</d> 저희집엔 저도 모르게 한 통 씩 들고왔습니다.
그런걸로 제가 봤을땐, 저"
70,E61," 내가 그걸 보고도 뭘 어쩌고 하는 걸 보고도 그거 안 봤는데.""
""아무 것도 아니었는데.""
아무도 대답하지 않았어.
""아무도 그건 알"
71,E61," 내가 이럴 수 있다는 것 때문에 정말 좋았어!""라고 말한다.
그리고 그는 또 다른 사람들에게는 자신이 얼마나 행복하고 힘 있고 행복하게 살고 있는지 보여줄 필요가 있다.
이"
72,E60," 어서 오세요.
아니 그 친구하고 얘길 해봤어요.
네. 근데, 이제 저한테 연락을 해야 될 때가 돼서 어떡해야 되겠어요.
어~ 저한테 연락해 보겠"
73,E60,"""
""이건 정말 재미있어! 우리도 이번에 우리끼리만 노는 건 처음이지. 하지만 그게 재미있고 재미있는 일이야.""
나는 친구들의 이야기에 귀를 기울이고는 그제부터 내 이야기를 들었다.
"
74,E60," 너한테 줬는데 내가 뭘 봤어. 괜찮은 거 같아.
너도 줬어.?
그랬구나..
나야 나 진짜"
75,E60," 그리고 나는 친구와 얘기가 잘 될 거야.""
""그래도 난 친구에게 너무 많은 이야기를 해줬지.
그럼 내가 친구에게 얼마나 큰 상처를 주는지는 알겠지?
""그렇게"
76,E66, 그걸 계기로 그~ 저기 저기 뭐 저희들이 그니까 뭐 그~ 뭐 그~ 저희가 인제 뭐 저~ 어플도 만들고 뭐 뭐 그~
77,E66," 내 말 들어봐!""
이미지 메이슨을 보고 있자, 나는 다시 고개를 들었다.
그리고는 내 앞에 섰다.
그리고 나는 천천히 내 옆에 서서 말했다.
"
78,E64," 그리고 이제 토익 시험은 내가 직접 해보고 싶은데 어차피가 그 토익을 어떻게 준비하고 있는지는 모르겠어.""
그때부터 토익 공부를 하고 싶었던 건"
79,E60," 그리고 그 친구가 나를 찾아왔을 때도 내 눈에는 친구는 없었거든, 그때는 나도 그때가 처음이지.
그래, 내가 친구는 아니었는데 그 친구가 나에게 찾아"
80,E60," 넌 내 인생 최고의 친구니까.'
아직까지도 나는 뭔가를 기대하고 있지.
하지만 그 기대감은 오래갈 수가 없다.
이제부터가 시작이니까 말이다.
아직은 그게 아니"
81,E64," 내가 봤던 회사 중에 뭘 하나 해봤으면 싶어서 한 거잖나.
그래, 나는 팀원들이야.
내가 그 회사 안에 있는 사람들 중에 한 사람이고 내가"
82,E64," 생일 선물을 받은 친구도 기분이 좋은데 그게 뭐냐고 묻자 ""그냥 축하할 뿐""이란 답이 돌아왔다.
"
83,E60," 그게 무슨 소리인지 모르겠어.
아무것도 모르는데 왜 그러는거야!""
그녀는 눈을 뜨고 주위를 살펴보며 중년 남자가 빤스런 얼굴들을 짓고 있었다.
아무리 보아도"
84,E62," 그 후로도 그 일을 꾸준히 이어갔고 그 덕분에 나는 지금 이 시간까지 이 자리를 빛냈다고 생각해.”
이러다 이번에 그 사"
85,E68, 그래서 그 친구가 내일부터 내 집에 가서 결혼식을 올려놓으면 좋았을 거야. 그리고 내가 결혼을 하면 내가 너한테도 선물할 수 있는 좋은 친구였
86,E68, 그리고 또 다른 회사에도 다니기로 했는데 어~ 그 회사에서 일을 할려고 하는데 어. 어. 어. 그 회사에서 일을 해야지.
87,E68," 근데 요즘은 <unk> 더 좋아져 가지고 그거 뭐지 뭐야? 뭘 좋아?
뭐가 더 좋을지.
뭐가 좋을까?
뭐가 좋으면 그게 좋겠지"
88,E68," 그래서 저도 그 얘길 듣고 나서 좀 놀랐다.
그때도 저도 이제 이~ 뭐 저기 이번에 그~ 뭐 우리 저기 저기서 이케 이게 그 얘기가"
89,E68," 그리고 또 친구들하고 제주도 가고 싶은 거 같은 거 되게 많던데, 그 친구가"
90,E60,"""
""어쩌면 저는 이게 무슨 말인지 알 수가 없어서 그냥 지나치지 못하는 것 같아서요. 그런데 저는 정말 감사하게 생각하고 있어요.” 나는 그제야 부모님은 나를 이렇게 말씀하신"
91,E69," 그거 때문에 그~ 이걸 좀 잘한 게 아니겠냐라고 생각하시는 건지 모르겠지만 어쨌든 이제 우리도 좀 더 적극적으로 해보자라는 거죠.
아니 근까 이거는 좀"
92,E69," 뭔가가 있어.""
아무리 해도 그게 다 뭐지? 하며 아빠의 어깨를 두드린 건 그였다.
그때 아저씨는 아저씨가 괜한 걱정에 그러"
93,E63," 내가 뭔가 해 줄 게 있다고 생각해? 내가 <unk>한테 해줄 건 괜데 그게 아니라 넌 내가 너에게 해 준 게 있어.
그럼 괜데 그니까 너한테 넌"
94,E63," 그리고는 내 말을 듣고 난 후 그 친구가 내게 말을 거는데. ""그렇지 않아. 내가 너를 얼마나 좋아하는지는 알아.""라며 웃으며 말을 건네줬어요.
그러"
95,E63, 그래서 나는 너에게 속아서 거짓말에 대해서 얘기도 안 하고 그냥 잤다. 그게 거짓말이라고. 그래서 거짓말에 대해 거짓말로 얘기를 해봤다. 그래서 너는 내가 속
96,E63," 내가 좋아하는 거니까. 그게 내가 좋아.
그런 게 있나 봐.
나는 내 동생이야. 너는 나대로. 그니까 나는"
97,E65,"""라고 말했다.
그러면서 <unk>는 ""내가 너랑 사귀는 것도, 내 친구랑 결혼할 일도 없을 테니 너는 너"
98,E65,"""
이런 식으로 말했더니 그녀는 고개를 숙인채 말했다.
그녀는 그 말에 대놓고 속상해서 견딜 수가 없다고 대답했다.
""그래? 그거야,"
99,E65, 그때는 그때 그 팬을 만나러 가려고 했지? 그때 그 때 그때 그 당시엔 내가 그때 당시에 내가 팬을 만나기 싫었던 게 있었나? 그래서 내가 가기로 했는데 내가
100,E65,"!
아니 근데, 이번에 개봉하는 영화 중에 이게 또 땡땡!!!
아직까지 개봉도 못 하고 있는데 괜시리 반가울 거 같애"
101,E65,"""라고 말하면서 그 친구도 '너무나 잘난' 친구였다고 말한다.
그 친구도 그 친구에 대해서는 별로 아는 것도 없고 그 친구를 잘 모르는 것은 아니지만 친구에게 잘해주지는 못하는 것 같"
102,E65," 그게 아니라 우리 집에 들어가야지. 그리고 우리 집을 봐. 그게 아니라.""
아빠는 부엌을 향해 소리치더니 방안으로 들어왔다.
아무"
103,E61, 우리도 그쪽 사정을 잘 알잖아. 우리 어머니께서 우리를 데리고 가주셨으면 하는 바랄 뿐이에
104,E61," 내가 임신 사실을 알았을 쯤, 나는 정말 기분 좋아졌지.
나는 내가 임신 사실을 알았을 떄 너무 행복했고 너무 감사했어.
"
105,E61," 하지만 내가 그걸 어떻게 해야 할지 모르겠네.""
""아니요. 그거야 제가 알다시피 난 내 친구니까요? 그리고 난 지금"
106,E61, 그래서 저기 저렇게 뭐 저거 괜히 좀 뭐 이런 게 있나? 뭐 저런 건 좀 많이 있나. 저게 뭐 저기 저게 뭐 저렇게 저게 좀 뭐 이런
107,E61," 그 친구한테서 너무 고마운 마음을 전하고 싶다고.
그 친구한테 고백을 한 거니까 고맙다는 인사부터 먼저 하는 거야"
108,E61," 난 당신을 사랑하지. 하지만 난 사랑하지 않아, 그 남자는 사랑하지. 난 그 남자, 내 남편. 그 남자의 사랑을 위해 나는 당신이 내"
109,E61," 아휴, 아이고! 아이고, 저게 무슨 일이지요? 어떡하지! 어머, 이거! 아휴, 이게 뭐하는 겁쟁이! 어휴 이 자식!""
""이"
110,E61," 감사하고 고모부에게 고마울게. 정말 행복하고 기쁜 소식이었지 뭐.""
""그렇지만 우리 엄마도 행복하세요, 우리 엄마"
111,E61," 그리고 이거 진짜 잘할 거라고 생각해서 너무 기대가 되더라.
그래서 그~ 결혼기념일이 되면 꼭 그분들 모시고 와"
112,E61,".
아니 그~ 뭐 이런 게 뭐가 있나? 라는 게 있거든.</d> 이게 지금 우리 그~ 이거 저희가 그거 저희들이 좀"
113,E60,"""
그녀는 이렇게 말하고서 ""나도 그렇게 생각한다""고 대답했다.
이번에는 내가 먼저 말을 꺼냈고, 그녀는 ""나랑 함께 있으면 정말 좋다.""라고 말하며 웃는 얼굴까지 보였다.
나는"
114,E60," ᄒ
아빠와 함께 햄스터도 팠고 햄스터랑 놀다가 <unk><unk>이 너무 귀여웠던 <unk>! <unk><unk>
#아빠"
115,E60,"""
그녀는 그 말에 기쁜 마음으로 눈을 뜨고는 말했다.
그때 갑자기 그녀가 눈을 크게 뜨자 그녀의 눈이 커졌다.
아마도 그 눈빛으로 그녀의 입술이 파르스름해지면서 눈알이 반들거리며"
116,E60,".""
이렇게 말하고 나서도 이 여자는 계속 울기만 했다.
아무런 말 없이 그녀의 얼굴을 바라보며 나 역시 울지 않고 울어 주었다.
아직도 이 여자 때문에 마음이 상하는 것을 느낄 수가 없었다.
"""
117,E60," 난 아기 낳았어.</d> 오늘(22일)이죠.
이런 날씨에 왠일인지 이게 또 무슨 날일까요?
어제도 저렇게 날씨가 좋"
118,E60," 그리고 그 아이를 낳으면 어때. 어머님은 그걸 안 아신단다. 그래서 아신다는 거죠?""
그렇게 말하고 나서 그녀는 다시 입을 열었다.
""그건 내가 아신다니까요?"
119,E60," 난 내 여자친구를 만나러 갈 수 있어.""
이미 그녀는 그제야, 자신의 마음을 알아주었고, 그녀의 마음을 이해했다.
이렇게 그녀가 행복해질 수 있는 것은, 그녀의 사랑이 그녀의 가슴에서 느껴지기 때문이다.
"
120,E64," 그~ 그까 그~ 여자 친구도 그~ 저도 뭐 그런 걸 좀 많이 느꼈거든?
네. 네~ 네네. 그~ 뭐 그거 되게 많이 좋아했었는데"
121,E64," <unk>가 남자랑 같이 놀다보면 진짜 좋아할 것 같아서.
그럼 뭔가가 뭘 할까 궁금하네?</d> 뭔가가 좀 더 잘할게??"
122,E64," 내가 지금 이걸 다 먹고 있는 것 같거든?""
아니, 내가 왜 그렇게 좋아하고 있는 걸까, 하는 생각에 나는 뭔가가 잘못되었음을 깨달아야만 한다.
""그래서 내가 지금 하고"
123,E64," 예뻐? 어어 예뻐 예뻤어.
예쁜 아이 예쁜 아이가 예쁠까?
아~ 예쁜 아이를 낳고 난 후에 어머님이 좋아하시는 게 괜찮은"
124,E64," 그리고 내가 너의 마음을 사로잡는 것은 네게 좋은 사람일 테고 너한테 잘해줄 거야.
아빠. 내가 뭘 잘할까 봐 걱정하고 있을"
125,E62," 그걸 다 믿는다니. 그리고 내가 이 여자 때문에 이 남자가 정말 사랑할까, 아니면 사랑받을까? 이런 생각을 해본 적이 없잖어.""
이제 막"
126,E62," 그런데 그 남자는 왜 이렇게 삐죽거릴까?
어느날 내가 넌 누구냐는 질문에 그 남자는 왜 삐져있었냐고 물었단다네. 그"
127,E62," 내가 왜 그래. 너한테 왜 이러는지. 너한테 너무 집착하는 게 너무 싫어.""
""아냐, 그게. 난, 그"
128,E62," 하지만 나는 그 여자랑 결혼을 해야 하는 거야.""
아무리 그래도 난 그런 여자 앞에서 내 생각을 할 수밖에 없는 거야.
그런 생각을 하면서 내 마음 속에 있던 내 마음 속의 한 가지 생각이 스"
129,E68,"""라며 ""앞으로도 계속 열심히 하겠다. 앞으로 더 잘 할 거니까 열심히 하겠어.""
그날, 나는 '내가 이 세상에서 최고의 친구야' 라는 주제로 자신의 인생 이야기를 풀어내려고 노력"
130,E68,"""라며 ""그렇게 기분이 좋을 수는 없지 않습니까""라고 말했다.
그러면서 그는 '내년 총선과 대선이 어떻게 될 것인지'를 물었다.</d> 박원순(55·사진)은 ‘20"
131,E68,"""
이미 결혼에 성공한 사람이 결혼을 하지 않는 이유는 무엇일까.
아무것도 모르고 결혼에 대한 두려움을 떨치기 어려웠던 나는 결혼을 하지 않는 이유가 왠지는"
132,E68,"""(""이혼하고 싶은가??""
이렇게 대답하는 건 처음이어서 당황스러웠습니다.
이렇게 해서 결혼을 한 사람은 한 번도 아니고요.
그렇게 되면 이혼하는"
133,E68," 나, 너한테 잘해줘야 돼!"" (...)
그리고 결혼식을 올린 지 얼마 후 쯤에는 ""너, 너 결혼 못 하겠냐"
134,E68,"!"" 라고 말했다.
그런데 이 친구가 그 말을 하자 갑자기 울음이 나왔다.
""그냥 웃는 건가 봐! 그 친구가 <unk>랑 썸타는 것 같다고. 너는 그"
135,E67," 정말 좋은 남자 친구가 될 수 있어서 너무 기쁩니다
그리고 제가 또 한 가지 또 얘길 했었거든요.
저는 정말 그 여자 친구에 대해 굉장히 많은 얘길 해주고"
136,E67," 내가 지금 이 나이에 뭐라고 할 수가 있나.
어떻냐면은 내 나이 삼백육십이 넘었는데 이게 뭐~ 이게 무슨 뭐야. 그게 이제 내"
137,E63," 하지만 난 내 연인을 위해 사랑을 하는 것이 아니라, 내 자신을 위하여 연인과 사랑을 할 때 그 사랑의 감정을 느낄 거라구.” 이 말을 듣게 되면 연인과 연인이 함께 있을 때의 감정이"
138,E61," 아까 우리 아빠한테 전화 한 통을 하더니 전화기를 들고 왔는데. 전화기를 가지고 왔지?""
그녀는 고개를 숙였다.
아까 전화기에서 나온 전화기에 그녀가 고개를 들었다.
""그랬"
139,E61," 그걸 어떻게 할 수 있었지?
나는 넌 뭘 할 거야? 내가 너에게 한 말이 뭐지.
내가 네게 무슨 일이 있어도 널 지켜줄게!
그렇게 말해놓고도 뭘 어쩌"
140,E60,"!! <unk></d> 요즘에 많이 먹는 음식들 중에서 하나가 뭐예요?.
그런것들은 정말 맛도있고 뭔가를 더 먹고 싶은데
이렇게 맛있는 음식들 먹으면"
141,E66,"!
#2018 #미투#me#cat 까지!! ᄏᄏᄏᄏ#인스타데일링 <unk>korea #forstays?<unk>"
142,E66," 내가 좋아하는 영화야. 너는 내 영화야.
이제 그만 쉬어.
아빠가 뭔가를 해주실 거야. 엄마랑 아까 같이 햄스터"
143,E65," 그래서 내가 그녀에게 결혼하라고 설득을 한 거라고. 그래서 나는 그녀를 만나서 결혼할 생각이 없었거든.
그러면 나는 그게"
144,E67, 그래서 이제 이번에 또 연인끼리도 많이 사귀는 거 같아. 아까 우리 김보름 선배님이 얘기도 했는데 연애를 잘 안 하는 게 좋은 것
145,E69," 하지만 나는 이 세상에 단 한 사람만이 있는 것처럼 느껴지지. 내가 가진 것만으로도 충분하잖아.""
이런 말들이 계속되자 그는 다시 한번 자신의 마음을 털어 놓았다.
그리고는 자신의"
146,E66," 너는 나 때문에 마음이 아파. 내가 이렇게 고생했으니까 너도 나를 원망해 둬.""
나는 고개를 끄떡였다.
이렇게 말하니 내 마음은 더 무섭게"
147,E62," 내가 그 여자 친구와 잘 지내면 좋겠다고 생각해. 그 친구하고 잘 지내야 돼, 그 친구가 내 인생에 있어선 제일 큰 거니까 그 친구가 그"
148,E62," 내가 취직한 기업은 내 회사니까.""
그는 한 마디 덧붙였다.
'내 회사에 취직해 줄 사람이 어디 있어?
그런 건 상관없어요.' 그 말을 들은 후 나는 다시"
149,E64," 너랑 나만 잘 살래?
나한테 잘해줄게.
그게 다 너한테 미련이 없어서가 아니고 내가 너랑 나만 행복하면"
150,E68,"고, 그 아이는 이제부터 우리와 결혼해서 살게 되거든요~^^ ;ᄏ^^ 
그 아이는 이제 우리랑 살게 되는 것이다 ᄏᄒᄏᄏ
아기 엄마들이랑 우리 엄마들이 같이"
151,E62," 그리고 이거 되게 재밋다. 진짜 진짜 좋다. 그리고 그걸 또 다른 분이 얘길 해줬더라.
그리고 또 하나 더 있잖은 거는 또 다른 분이 또"
152,E67," 내일 다시 찾아갈 테니까.
이제 막 산모를 만난 지 일주일, 이틀을 쉬었는데 이제부터 산모와 아이가 같이 살면 얼마나 편할까"
153,E64," 그래서 그게 좋은 거야?""
""좋아, 좋은 여자구나?""
나는 괜히 섹스를 해본 게 아니라는 걸 알고는 깜짝 놀라며 물었다.
"
154,E65,"!
#일상 #데즈먼드 #dessemanner
이번에 데드먼드랑 같이 놀러간 거예용<unk><unk></d> 오늘 저녁은
요"
155,E62," 라고 생각을 해서 함께 협업하고 있는 거 같아요~ ^^.</d> 저는 오늘 아침, 서울역 근처 한식당.
오늘"
156,E67, 이게 다 내가 취업하는 게 너무 어려운데 내가 왜 이렇게 힘들어하는 걸까? 내가 취업한 게 너무 어려웠던 건가 싶기도 하더라. 그런데
157,E69," 그걸로 인맥이 넓어. 그러고 보니까.
어머님께서 이거 좀 더 좋은 쪽으로 많이 알려줘야 될 것 같아요.""
""그건 뭐냐 하면. 이"
158,E66, 그걸 다 할 수 있겠지. 그래서 지금 이번에 제가 한 번 그거 하고 있는데 그게 좀 더 큰 거 같아. 어머 어어 어어.
159,E63, 그런데 그걸 또 뭐야 이게 왜 이렇게 안 되는 겁나. 뭐야? 너는 지금 뭐야. 이게 넌 지금 이거 어떻게 된 거지 이거 이걸
160,E68," 기분 좋네. 기쁘네? 네. 아까 그 얘길 했던 것처럼 기쁜 거야! 네. 어서 일어나 봐! 어머 어머 아저씨, 저"
161,E67, 그건 아니지? 아니 근데 내가 뭘 잘못한 건지 그건 아닌데. 내가 그걸 잘못했다는 걸 알았으니 그거 다 인정해 줄 수 있
162,E69," 결혼하고 나서 허니문이 생각났는데 생각만큼 허니가 잘 안되네”며 “결혼을 하고 나니, 결혼"
163,E62," 아, 아.
선생님을 사랑하셨어요.
선생님의 사랑을 아까도 못 보신 것 같은데. 선생님의 사랑을 알아가고 싶은데. 그분들이 너무"
164,E65," 그리고는 같이 영화 보러가기로 하고. 어휴~ 그래.
영화도 같이 보러가자고.?
어어~ 근가 이번에 "
165,E61, 하지만 그건 내가 아닌 것 같아. 내가 임신했으니 이제 임신하지 않을 수 있겠구나. 내가 이제 내 곁에 있는 것 같아? 난 내 곁에서 산다 해도 난
166,E68," 그래서 우리도 좀 많이 도와줄 수 있으면 좋았을텐지.""
그녀는 그 동안 자신이 겪은 일들과 자신이 경험한 일들 사이에서 어떤 생각을 하는 걸까? 라고"
167,E65," 그거라도 되니까 너무 기뻐. 그걸 보고 나도 너무 행복해.""
""그래, 로또는 정말 행복해?"" 하고 묻는 말에 그는 고개를 저었다,
그리고 그는 다시"
168,E65, 당첨금으로 당첨의 기쁨이 너무도 크다면서? 내가 로얄로또 한 장을 사서 그 중 몇 개만 살까 했는데 그중에 당락이 결정되다니. 그래서 당
169,E65," 당첨금을 어떻게 마련하세요?”라는 질문이었다.
그런 질문을 받고 그는 “당첨금은 당신 주머니에서 나오는데 당신이 당신이 원하는 건 로또를 사는 게 아닌"
170,E61," 그리고 내 말 잘 듣는 것만으로도 고민이 없어져.""
그는 다시 말했다.
그녀는 잠시 말을 끊은 채 다시 말을 잇기 시작했다, 하고 그녀는 말했다.
그리고 나서 그녀는 말했다.
나는 그녀의 손을"
171,E63, 우리도 이제 좀 쉬어야 될 때가 되었어요. 우리 이제 같이 가자는 거였거든요! 아~ 아유 아유. 어휴 아이고. 저희도 같이 가야 돼서요. 아
172,E66," 하지만 그 모든 것을 놓치면 오히려 그게 더 낫다고 생각했지. 그 때문에 나도 모르게 내 몸이 더 건강해지는 거였어.
그때 내가 느꼈지?.
내가 내 몸"
173,E68," 뭔가 해보니까 뭔가를 할 줄 알고 해봤더니 너무 좋아! <unk>가 좋아!
<unk>도 이제부터 <unk>가 좋아할거 같애?!"
174,E69," 그게 무슨 말입니까? "" ""
이제부터는 영어에 대한 관심이 높아져서인지 'It'm she is new sex up, I"
175,E63," 그걸로 끝이지?"" 하고 말했지요.
그래서 나는, 그 아이의 부모에게, 또 내가 이 아이에게 얼마나 고"
176,E63,"""
이제 와서 그런 식으로 하면 되지, 괜히 반 친구들의 마음을 아프고 괴롭힐 필요는 없었다.
하지만 이 모든 것을 포기하면 되겠지만, 왠지는 모르"
177,E68," 그게 뭐냐구.""
그가 내 팔을 잡았다.
그는 나를 보고 말했다.
그가 내 팔을 붙잡은 것이다.
그녀는 내게 다가가서 말했다.
내 팔에"
178,E64," 근가 이렇게 뭔가 좀 뭔가를 먹으려고 하면 왠만하면 그냥 먹어버려.""
나는 그런 내 모습을 바라보면서 이렇게 말했다.
그러고는 내가 이렇게 말하자 옆에 앉은"
179,E64," 나는 이 모든 것에 대해서 내 힘으로 다할게.""
나는 고개를 저으면서 말했다. 만약 당신을 당선시켰다면, 당신이 그 자리에서 물러서고 싶었을 것이다.
그러나 그것은 결코 당신이"
180,E64," 그 덕분에 나는 정말 즐거웠지.”</d> 넥슨이 개발한 '바람의 나라의 앨리스'의 2차 CBT 테스트(이벤트)가 오늘부터 시작된다.
이번"
181,E64, 근디 그 사진 찍어서 뭐~ 저기 뭐~ 그 사진이 저희 저랑 뭐야 이게 그게 무슨 얘길 하는 거 같기도 해 근디
182,E62," 내가 지금 당장 돈을 보낼 수는 없는 거잖니!"" 하고 말했다.
나는 이렇게 말하고는 그제까지 내가 무엇을 해야 할지 잘 몰랐던 모양이다.
그렇지만 그 말을 듣는"
183,E62, 그러면은 그~ 이 삼억이면은 이 년 이내에 삼 년 이내에 천만 원의 이 이~ 삼 년 이내에 삼천 만 원의 이~ 이 이 돈을 모으게
184,E68," 내가 운이 나쁜가?""
이런 얘기들은 모두 사실일 것이다.
그러나 내가 운에 대해서는 별로 신경을 쓰질 않는 것처럼 보이는 건 사실이었다.
이"
185,E64, 그런데 이번에 이거 뭐 이거는 뭐냐 하면 우리 학생이 이거 이게 무슨 뭐냐하면 이~ 학생회가 이~ 학교 안에서 뭐 이거 저~ 저~ 이거 저렇게 저
186,E64," <unk>는 너무 좋아. 진짜. 너무 좋아해 ㅠㅠ.
#셀스타일상#소통해 _
그램<unk>#일상기록 <unk><unk><unk>
#"
187,E62," 그 돈의 액수가 얼마나 되고 그 돈이 어디로 갈 것인지는 알지만. 내가 그 일을 하는 것이 가장 좋다거나 그 돈이 어디에서 오는 것인지, 어떤 식으로 흘러가도록 할"
188,E62, 그래서 이 적금은 삼 년을 채우지 못하고 천백만 원까지 해 놔. 그래서 그 적금에 천백만 원짜리 통장을 가지고 있는데 천백만 원을 저축하고
189,E62," 나는 내 인생을 믿고 있네. 그걸 믿는다면 나는 행복할 거예요""
그는 나를 위로해 주며 이렇게 덧붙이셨다.
""그렇게 믿고 있으면 행복해."
190,E62, 하지만 이게 쉽지 않은 일이야! 난 내 인생도 그렇게 살고 있어. 그 동안 나는 너무 힘들었지. 난 내가 너무
191,E62, 아까도 잠깐 언급을 하시고 예. 그니까 그~ 그까 이십사 년도에 그 당시에도 그 당시 우리 학생들도 굉장한 그 그~ 어
192,E62," 하지만 남편은 술을 너무 좋아해서 술을 마시고 난 후엔 술을 마셨다.
이때 아내가 술 마시는 동안에도 남편은 술을 마시고 있었어요.
남편이 외"
193,E62," 그래서 난 남편이 밉다는 생각이 든다구요. 그래서 남편도 난 남편하고 함께 있는 게 싫어. 그래서 나는 남편이 싫은 게 아니라 나만 밉다는 게 싫어.""
그"
194,E62,""" ( '내 딸의 입학시험에서 나는 내가 시험이 아니라 내 딸이 시험인 줄 아네' ) ""라며 <unk><unk>거리다가도 """
195,E62," 그런데 너무 고생을 해서 내가 돈을 다 빌려주고 싶어서 빌려주었지? 그 돈이 너무 고마웠던 것뿐이지.
그게 바로 내 친구가 빌려"
196,E62," 내가 그 일을 당하지 않으면 나는 죽을 수밖에 없어.
그래도 나는 너에게 내 모든 걸 물려주고 싶다.
그런 마음만 갖고"
197,E62," 그래서 오늘 저녁은 내가 준비한 빵이 나왔고 나는 내 빵에 빵도 잘 익고 또 빵 만드는 법을 배웠거든.""
""그렇게 열심히 해서"
198,E62,"' 하고 생각했다.
""그렇습니다.""
나는 그렇게 말했다.
""그래, 그 사람은 내가 그 사람을 알아봐 줄 거라고는 꿈이나 해 보지 않은"
199,E62, 그래서 그거 물어보고 싶다고 해서 그거를 내가 그걸 물어보니까 나는 내가 지금 복지관에서 하고 있는 일에 대해 이렇게 이야기하는
200,E62," 그리고 나처럼 나처럼 다른 사람을 만나면 나에겐 다른 사람과 함께하는 시간이나 시간을 빼앗기는 일도 없잖아, 나는.""
나는 이렇게"
201,E69," 하지만 나는 내가 그렇게 하지 않아도 돼.""
나는 그렇게 말하고 있었다.
그리고 나는 그 순간, 나의 모든 생각을 털어놓을 수밖에 없게 되어버렸다.
그리고 그 모든 생각이 나의 마음속에서 사라졌다.
그 순간, 나는"
202,E69," 음. 음음. 그리고 그걸 통해서 내가 어떤 건강의 법칙을 발견하는 건가. 어.
어어. 어. 음.
어~ 그~ 뭐가 문제인가 하면 네"
203,E69," 그리고 난 내가 너무너무도 너그만하고 사랑스러워서, 내가 너무 너무 너무 너를 좋아해, 그리고 난 너무 사랑스러워서, 난 내가 널 정말 사랑해! 그리고 나, 나랑 너를 좋아해서"
204,E69," 난 내가 폐에 이상이 없다는 것을 안 거예. 폐가 안 좋은데? 폐가 나쁘다는 것은 알겠지만 나는 그 폐를 고칠 수가 없어.""
그 말에 나는 가슴이"
205,E69, 그리고 또 하나는 그걸 또 다른 일을 하는 것이 아니라 그~ 그게 더 중요한 것이거든요. 그러면은 지금 이제 뭐~ 뭐라고 얘기한지 모르니까 뭐라 그럴까? 그게 아니라
206,E69," 이 마을에 제일 큰 게 뭘까요 하고 궁금해하더라. 그거 그걸 알아요. 그건 넌 뭘까?""
아무리 그게 뭐지"
207,E60," 그게 무슨 말이야 노인기초연금의 문제예요. 어머나 그거 노인연금은 안 받는 노인들만 받잖아요.
예 예 예예 예. 어어 노인 기초연금으로 안"
208,E60, 네. 아까 얘기는 네? 저희가 저도 이제 그걸 얘길 하면은 네네. 이게 뭐~ 그거랑 무슨 관계가 있습니까 그~ 그거는 네? 뭐 그
209,E60," 그런데 내가 이걸 다 내 손으로 사준 게 아니었지.
이제 와서 내가 사준 것도 아니고, 이게 내가 뭔가 내가 돈을 많이 벌어서 내가 사 준"
210,E60, 그 돈 가운데 십만 원 정도면 어~ 노인 복지를 위해서 써도 좋겠다고. 그래서 이게 이걸 어~ 기부하기로 해서 어~ 기부금 십만 원으로 기부했어
211,E60, 그리고는 다시 집주인과 만나러 집을 나왔는데 그게 웬일이냐고 물어봤더니 '돈이 없다!'는 것이었어. 그런데 이게 웬일인지 이 집 주인하고 이
212,E60," 그래서 내가 대학 등록금과 대출 이자를 내면서 돈을 빌리고 갚아나가게 해줬지? 그거 다 깡이었어? 아, 그거? 어, 어머님도"
213,E60," 그게 아니라면 내가 내 인생을 어떻게 살았나 봐.""
이렇게 말하는 그녀의 얼굴은 점점 굳어만 가고 있는 것 같았기에 더욱더 미소가 지어졌다.
이제야 겨우 그 사실을 깨달은 나는, 이제"
214,E66," 그리고 그게 내 모습이었나 봐.
나는 그때를 떠올렸다.
내가 그때가 그리워졌다.
그날도 그날의 나는 내가 얼마나 그리워했는지 모른다. 고독한 시간을 보내"
215,E66," 하지만 나는 영화를 볼 엄두가 못 났어.
그때 나는 내가 왜 이렇게 영화관에 갔느냐며 놀려대. 그래서 나는 내가 너무 좋아했지.
영화관에서 잤던 것뿐이"
216,E66," 그런데 그때 그게 안됐어요. 그~ 제가 봤더니 어~ 이걸로 그걸 좀 해야 될지 어떡할지 고민하고 있더라고요""라고 전했다."
217,E66," ᄏ
근처에 있는 산책로에서
아기들과 산책하는 것도 좋았고~!
그때가 가장 기쁜 날이네요.ᄒ ^</d> 오늘 아침, 왠만한 운동"
218,E66," 그래서 여행은 여행보다 편한 게 많네. 그래서 그~ 여행도 편하지만 여행을 떠나기도 편한 게 많아.""
그렇게 말했어.
여행이란 게 뭐야?
나는 그런 말을 한 적이"
219,E66," 밥 한 숟구도 제대로 못 먹고.""
""어휴, 내가 밥을 못 먹어? 내가 다 먹어치운 밥도 못 먹겠는데 왜 밥을 못 먹어! 밥도 못"
220,E66," 그걸 위해 그 향수 공장을 세웠거든.
그러니까 내가 좋아하는 향수를 만들기 위해서 그 공장에서 일했거든. 그런데 내가 좋아하는 향수가 뭐야 그걸로 만든다고 하면 어떡할"
221,E66, 내 아들 대학까지 보내서 장학금이 좀 줄었다고 생각했는데 내 아들 대학도 보냈고 그게 다 큰 돈이라고 생각하고. 그건 나도 마찬가지였
222,E66," 그 돈을 어떻게 쓰느냐고? 내가 어떻게 해야 할지, 그걸 알 수 있었으니.""
이렇게 말했습니다.
이런 식으로 해서 그는 자신의 모든 돈을 모은 다음, 자신이 가진 모든 돈을"
223,E66," 그건 정말 좋은데?""
""그런데 카페에서 만난 사람한테 내가 뭐 잘못한 게 있어요라고 묻거든.""
이 말을 들으니 나는 괜찮은가.
이번"
224,E60," 그리고 그게 다 커서 운동도 하고 싶어서 운동했어? 그리고 나 이제 다시 <unk>가 다시 운동하고 있어.
그래. 그게 너무 재미가 있어.
나랑 괜스레"
225,E60, 그리고 내가 이번에 그거 할 때 내가 한 번도 이게 안 돼서 이게 훅 가잖. 그거를 내가 할려고 했는데 이번에 내가 이
226,E60," 하지만 그걸 모르고 있었어? 그건 내가 알고 있어.
이런 식으로 말했지.</d> 지난 주말에는 비가 내린 후 다시 추워져 추위에 대비해야 하는 날씨입니다.
"
227,E60," 그리고 나에게는 나만의 등산복이 있어요. 그건 정말 멋진 아이디어야!""
이런 말을 하는 건 정말 대단한 일이 아닐까?
이번 여행에 동행한 사람은 다름 아닌 나.
그"
228,E60," 그리고는, 내 몸이 좋아서 그게 좋은 거였거든, 내가 그렇게 좋아하던 그게. 그거야 그게. 내가 그 보약이란게, 나하고 나하고는 다른 거지"
229,E60," 내가 건강하면 우리도 건강하게 살게 되고 그래, 내가 건강하면 나도 건강하게 살 수 있잖니? 그거 참 좋은 거라고. 우리 동네에서 가장 잘 살고 있단 거"
230,E60," 그리고 이젠 집 안에 들어가 살 때도 이젠 편해. 집도 잘 돼야 돼. 집에도 편한 사람이 있어.""
그렇게 말"
231,E60," 근까, 저기 뭐가 있었냐? 아빠랑 같이 하는 건 어색해.""
나는 녀석을 바라보다가 갑자기 고개를 돌려버렸다.
아무 말도 안 하는"
232,E60," 그런데 왜? 내가 검사를 해보니 내가 검진 결과 이상이 없었어? 그래서 내 검사를 한 번도 안 받았는데.""
그는 다시 한번 말을 했다.
그는 또 한번 말을 이어가다가 말했다.
나는 그가"
233,E60," 이럴 때면 담배 피우고 싶지 않아!""라고 말하죠.
그래, 담배도 끊으면 어차 피워요.
이제 막 담배 끊는 거죠.
이제는 담배를 끊"
234,E60, 그런데 무얼 먹고 싶은 거지. 내가 무얼 사야 하나요 하고 물어 보니 술집 주인인 내가 그걸 사라고 해. 그 술집에선
235,E63," 그래서 엄마를 찾아간 게 바로 이번에 처음이거든.""
아이가 말을 이었다.
아이가 말했다.
""이렇게 말하니 엄마랑 같이 갔었지?""
"
236,E63," 우리 집에도 그런 게 있지. 우리도 우리 집엔 우리 집엔 우리 엄마만 있단다.
아니 우리 엄마는 엄마가 없대.
그래서 엄마 아"
237,E63," 부모님, 나하고 같이 놀아. 부모님, 내가 부모님처럼 될 수는 없지?"" 하고 말했다.
이때, 나는 갑자기 '부모님이 된다면' 하고"
238,E63, 그거 다 <unk>가 <unk>를 뭘 그렇게 싫어했니. 그래서 아 그걸 괜한 짓으로 생각해서 그런 것
239,E68," 그래서 나도 엄마도 모르게 그거를 봤어.
그래가.
근데, 괜시리 엄마랑 같이 가더라고요.
그냥 쇼핑하고 쇼핑만"
240,E68,"""
엄마에게 뮤지컬에 빠져들라고 말하면서 뮤지컬을 보라고 했다.
""아냐? 내가 뮤지컬에 빠져드는 거냐, 엄마는.""
그때부터 아"
241,E68, 그리고 우리도 우리랑 똑같이 잘 살 거 같아? 우리 엄마한테도 용돈이 좀 많다고 해줘? 그
242,E68," <unk>.<unk> #<unk><unk></d> 요즘엔 #아이스티슈가 대세가 되면서 ᄒ
아기들이 많이 좋아해서
#육"
243,E67," 그런데 갑자기 왜 그러느냐며 핀에 매달린 채. 지인 때문에 병원에 실려가다 결국 사망했다고.
그렇게 죽은 뒤엔 지인을 위해 병원비로"
244,E67," 그래서 내가 그거 때문에 내가 병원에 갈 수 있을 거라구 했지.
근까 내가 그게 그거 때문에 내가 병원 가서 당뇨병도 진단 받고 치료 받고 했는데"
245,E61, 내가 정말 고생을 해서 이렇게 해준 건데 그걸 또 어떻게 해줘서 감사한 마음이야! 내가 정말 잘해
246,E61," 좋은 사람들끼리만 모여서 살 거고, 나 같은 사람들은 그런 사람들을 잘 만나. 그런 사람들이 모여 있는 게 좋아. 내가 너에게 그렇게 말해주고 있어?""
그는"
247,E61, 그래서 나는 내가 이번에 이번에 또 이걸 해보니까 그게 너무너무를 많이 하거든? 내가 너무 이거 때문에 내가 좀 이럴
248,E69," 그리고 이번에 내가 이걸 또 해야 되는데 내가 지금 이렇게 하고 있어? 이게 뭐지?
그거 이거 어떻게 할 수 없어? 라고 물어보는 거예요.
아니"
249,E69," 그래서 그건 너무 큰 문제였어요.
이제는 더 이상 그게 안 될 거예요.
이제 우리 모두 다들 우리 집에 가고 싶은 생각이 없어지잖아, 그거"
250,E69," 난 그걸 어떻게 할 거니?
내가 어떻게 할 수 있어?
그냥 둬도 돼, 나 혼자 살아봐.
아내는 나보다 오래 사는 것 같아"
251,E69," 그게 다 내 아들의 문제였으니까.
이렇게 생각해. 내 아들을 위한다는 것은 정말 큰 일이니깐요.
아내와 나는 서로에 대해 잘"
252,E69," 그러고 보니 나도 언젠가가 내가 죽는다는 것을 알았지 뭐야.
그래야 내 인생도 살아나.
이젠 그건 내 몫 아니"
253,E69, 이걸 보면서 이거야! 아이고. 이게 이게 왠지 이걸 보는 눈이 너무너프해! 어쩜 그렇게
254,E69, 그래서 나는 동생에게 이게 정말 좋은 일이지? 라고 생각을 하게 됐어요. 그리고 난 이제 형이랑 결혼도 하고 또 결혼을 했지 않나요라고 생각을 하게
255,E69," 난 그 친구랑 같이 암 치료받고 싶어.
암 환자처럼 말이에요.
그렇게 되면 암 환자처럼 암 환자같이 행동할 거예요
난 그런 생각을"
256,E69," 그러지 않고는 살기가 힘들 것 같아서 말이야, 그거라도 잘 먹고 건강하게 살면 되는 거란 말이야, 그러지 말고 내가 좀 편해지지?"""
257,E69," 내가 이게 다 우리 마을 사람들인데. 우리 집에도 그런 분들은 많거든? 우리도 그런 사람들이 있어.""
그런데 이 마을에 있는 어떤 아주"
258,E69, 오늘 아침엔 내 몸도 많이 회복됐고 앞으로 잘 될 거란 얘기도 들었는데 너무 감사하다”고 전했다. 고인은 이날도 오전 7시에
259,E69," 내가 지금 이 순간도 살아 있는 한 이십오 세기에도, 또 다른 한 십삼 세에도 이 세상에 있을 수 없다는 것을 나는"
260,E69," 하지만 그건 이미 내 죽음이었지! 내 죽음을 준비하는 것이 아니라 나를 죽이는 거지!""
이제 나는 죽음을 맞이하기 위해 죽음을 기다리고 있었다.
그러나 그것은 내 것이 아니다.
나는 죽음을 기다리기 위해서 이 세상에서 가장"
261,E66," 그거야 내가 뭘 해? 아휴! 그게 뭐가 중요해.""
이미지란 것은 내가 알았으니까.
그건 알았어?
이런"
262,E66," 그러니 이게 내 잘못인가?""
아이는 고개를 저었지만 이내 그제껏 해왔던 말투에서 벗어났다.
이제야 비로소 내 마음이 조금 편해졌다.
"
263,E66," 하지만 그걸 어떻게 해야 좋을지는 모르네. 난 그게 걱정되거든, 그렇지.
난 이제야 내 손자에게 그 말을 해줄 거예요 하고 생각하더라.
""그건"
264,E64," 내가 괜한 짓하지 마, 내가 괜히 신경 쓸 필요는 없거든? 난 이제 더 이상은 못 봤거든, 알았다."
265,E64, 그 덕분에 우리 학교는 졸업을 한 거야. 우리 학교에도 그런 학과가 있었으니. 그 학과 교수님의 전공이 바로
266,E64," ᄏ #인디 ᄏ
아침마다 햄퍼를 사와야지 <unk></d> <17.01.Windows)>는 왓"
267,E65, 내가 봤더니 내가 이겼네. 어. 그래서 이게 다 팔려 갔는데 내가 봤어? 팔려. 그래서
268,E67," 그건 좀 걱정하지 말고 내가 알아서 하라고. 내가 알아서 하면 될 텐데 왜?""
나는 대답이 없었다.
그가 내게 말을 하는 동안 내 눈은 온통 그의 얼굴에"
269,E67," 나는 내가 원하는 대로 살고 싶어요.""
이런 얘길 듣다 보면 내가 얼마나 열심히 일하고 있는지를 알 것 같았다.
하지만 내가 지금 이 순간 얼마나 열심히 살고 있는지 잘 알 수는"
270,E62," 그래서 엄마랑 나랑은 여행이 제일 좋은 친구니까 엄마도 같이 여행갈 때 같이 가면 되거든.
근처 카페에서 만나면 좋겠다 싶어서."
271,E62, 그 친구와 얘기가 끝났나? 그 친구는 어떻게 했냐구. 난 그때 뭔가를 얘기가 끝났다고 말했던 건 사실이에요. 그 친구는 그날 그 친구와 그 친구
272,E62," 이번에 확진을 받았다는데요. 이 확진자가 왜 이렇게 빨리 나오셨나 싶기도 하고, 또 다른 확진으로 이어져서. 그리고 확진이 언제쯤 끝날까요"
273,E62," 그건 나도 모르는 사실이에요""라고 답했다.
이날 방송은 김어준(본명 박명규) 씨가 지난 1일 밤 방송에"
274,E62, 아까 그 말씀드렸지만 이~ 이십대 후반 이후에 아이를 낳지 않는 이유는 첫째 아이가 출산에 실패하기 때문에 그 아이를 낳아서 이~ 출산 후에 이 아이를 낳으면 그~ 아이
275,E62," 너네 집도 가봐.
이번에도 너는 못 갈거다.
이런 식으로는 갈 거 같다.
이번 주에도 계속 놀러 갈거니까"
276,E66," 너는 내가 죽어도 <unk>네 집만 살면 돼.""
아무래도 내 마음을 헤아려주지 못한 모양인데, 그래도 그놈이 내게 <unk>가 <unk>의 집으로"
277,E66," 그래서 그 사채에 투자해. 그래서 사채가 그게 아니라 그냥 돈을 갚는 게 아니야.""
""아니 그니까 그게 무슨 소리"
278,E62," 하지만 그래도 내가 너에게 해준 것이 있어.""
아내는 그렇게 대답했죠.
하지만 나는 그 순간, 난 정말 기분이 좋지 않은 것 같아요
그때, 아저씨를 만나고 싶다는 생각을 했"
279,E66," 내 자식인데도 잘 낳아줘, 내 자식이니까.
이렇게 해서 내가 내 아들인데도 잘 키워준 것에 대해서 미운털이 박힌 건"
280,E66," 그래서 오늘도 내가 집에 있을 때랑 똑같지 않아.
아~ 그래야지.
그래야겠구나?
그래도 나는 집에 있을 때는 내가 뭔가가 너무 편해서 좋았"
281,E65," 너무 죄스러웠어.
내가 왜 그랬어?
그냥. 내 인생도 그렇잖어.
아니야 내가 너무 미웠다.
그게. 나만"
282,E65," 그러고 나서 내가 이번에 그거 했으니 이거 해줘야 돼.""
이렇게 말하는 순간 그는 그 자리에 털끝만한 상처만 남기고 사라졌다.
그리고 그 후로 이번에"
283,E64," 하지만 그게 다 내가 할 일이었으니까.
그래야지.""
""이런 일 있으면 어떨까? 그 친구가 그 친구랑 함께 사는 걸로 생각해 봐. 나도 그런 생각을 하니.""
"
284,E64," 그래서 그 사람들이 모여서 모임을 만들어가자고 한 게 아니었는데.""
이제 그 사람들은 다 모이고 또 모여들었다.
그리고 또 한 사람은 또 하나의 모임을 만들었다.
그리고 다시 다른 모임을 만들기 위한 계획을 세워"
285,E67,"넌 이제야 밥 먹고 밥 먹는다고 해.""
""그래? 네? 그건 아니잖냐고? 그걸 어떻게 알고?""
이미 식당에서 일해 본 경험이 있어"
286,E67," 그건 나도 알고 있지만. 나 같은 사람이 그런 병을 가진 게 너무 안타까워서.""
이미 다 알려진 사실이었다.
그가 그렇게 말하는 것은 이미 오래전부터 들어 알고 있었지만 말이다.
이런 사실을 알게 되다니"
287,E61," 그게 그거지.
어쨌든 우리 애는 이제 그 친구하고 함께 살고 싶다고 생각을 하고 있거든?
어~"
288,E68," 이거 참, 정말이지 너무하네. 정말 이게 참. 이건 또 왜? 이걸로 또 한 번 우리를 이토록"
289,E66," 그 집을 사려고 할 <unk>은 없겠군? 그럼 내가 살 집을 구하러 가겠어.""
그때, 나는 갑자기 씩 웃으며 말했다.
나는 그때, 내"
290,E62, 그래서 아들은 결국 수술비가 지원되는 병원 대신 보험을 드는 수밖에 없었지? 그래서 결국 보험이 필요한 아들이 병원비로 병원비를 대신 내줬어.” “그래
291,E62," 그런데 이제 그 암도 더 나빠지고 있어.""
그는 이렇게 말하고 있었다.
나는 그를 바라보았고, 나는 그를 쳐다보고 있었다.
나는 그의 얼굴을 쳐보고 싶지 않은 것 같"
292,E62," 그리고 수술을 해야 하는 상황이어서. 수술비는 병원비로만 지불이 된다고 했대."" 그래서 나는 수술을 하지 않았으면 하는 마음이 굴뚝같은 것이"
293,E62," 그래서 병실에 들어가니 그 사람이 나를 알아보지 못해서, 나를 알아보았지. 그 사람을 만나서 내가 얼마나 많은 상처를 받고 있는지 알아봐 달라고"
294,E62," 내가 왜 이렇게 무서울 수 있는 건데.""
나는 눈을 감아버리고 말았다.
그런데, 이 모든 게 내가 할 일이 아니었다.
나는 내 눈을 뜨지"
295,E62," 내 평생 내 인생 최고의 적수가 되겠어!'
나는 그 말에 대답 대신 고개를 끄떡이고 있었다.
이번 주말은 내가 얼마나 고심했으면 이런 식으로 행동하지 않으려 했을 것인가.
""그래"
296,E62," 난 그 사람이 그 사람이라고 생각하고 있었는데 그 사람은 내 친구라고. 난 그렇게 생각해.""
그는 말을 마치자마자 눈을 번들거리기 시작했다.
""아니, 난 내 친구의 아들이니까요. 그 사람이라고 생각했"
297,E62," 하지만 당신이 원하는 건 내가 원하는 것밖에 없으니까. 하지만 난 당신에게 주어진 게 아무것도 없다고 생각해."" ""내가 당신과 결혼하는 게 얼마나 행복하겠습니까"
298,E62," 그리고 나보다 훨씬 많은 돈을 가지고 있으니까.
내가 가진 돈의 일부를 내게 주고 싶어하는 나의 마음이 이해될 것 같다.
내가 지금 이 순간까지 내 곁"
299,E62," 그런데 당뇨는 다른 질병과 달리 혈압과 콜레스테롤, 콜레스테롤 수치를 낮추고, 심장을 안정시키는 효과가 있다고 하니 정말 좋은 약이라고 할 수 있어.”"
300,E62," 그래서 그거 안 해줘?""
나는 그 말을 듣는다.
나는 그 말을 들으면서도 내 생각을 알 수 있다.
아"
301,E65,"""
김씨는 이렇게 말하며 웃었다.
박 씨 역시 ""어떻지요! 저희도 잘 먹고, 힘드셨는데요""라고 했다.
"
302,E69," 그거 다 치료해 놨는데. 이거 어떻게 해야 돼. 그니까 이~ 우울증은 치료도 안 하고 계속 우울증이 계속 계속 되니까 계속 이렇게 되니까 우울증은 더 심해져 가지고.
"
303,E69," 그런데 왜 나는 왜 그런 병을 갖게 되는 거죠?”라는 질문과 함께, “나에게 이런 병이 있다는 것은 정말 놀랍다. 이 병에 대해 어떤 말을 하는 게 좋을까? 나는 어떤 생각을 하고 있는 것일 뿐이야”라는"
304,E69," 그래서 너가 나를 보고 싶어 그랬는데 너가 아프면 안 되냐구. 그러니까 나도 울었구나.
그렇게 생각했는데 너는 아프다고 울었어.
"
305,E69," 그런데 갑자기 갑자기 갑자기 혈당이 떨어져버렸지.""
그는 잠시 생각에 빠졌다.
그녀는 자신의 몸에 이상한 기운이 감돈다고 느꼈다.
'그건 왜 그런 건지. 내가 혈압 때문에 혈"
306,E69, 이대로 누워만 있으면 되니까. 그거야? 아빠는 지금 이게 괜한 걱정을 하시는 거 같아. 내가 왜 그러니. 그~ 이게 이~ 지금
307,E69," 난 내가 젊었을 때보다 더 늙을 거라 생각해요. 그 나이에 나는 내가 가장 행복하고 아름다운 인생을 살고 싶어. 난 내 나이도 이제 나이가 들어서, 내 나이가 더 젊어져서, 내 나이"
308,E69," 그래서 내가 이 책을 쓰는데. 나는 돈이 없어서 못 쓴다. 내가 돈이 없어서 못 썼다구?""
나는 그 말을 들으면서 가슴이 뻐벙거렸다.
내가 왜"
309,E67," 내가 왜 이렇게 허탈하게 살았을까.
그렇지만 그걸 다 알고 나니 마음이 놓이더라.
아무리 생각 해도"
310,E67,".
그냥 산에 들어가고 싶어..
그래. 그거라도 먹고 싶은데, 그게 뭐가 <unk>니까.?
그래서 그거 먹자고 하는 거예요.
이"
311,E65," 그거라도 좀 해야 돼, 나랑 결혼하면 안 될까? 내가 결혼해서 내 딸을 키우고 싶다면.""
그녀는 고개를 저었다.
"
312,E63, 그니까 그게 아니라 내가 그걸 보고는 뭐 그~ 내가 그게 아니라면 내가 이게 뭐라고 할 수도 없는 일이잖네. 근데는
313,E66," 아들은 이미 암에 걸렸고, 어머니는 아들의 수술비도 모두 내줬어.
그때까지 어머니는 아들을 위해 돈을 많이 벌었으니까 그 돈을 아낌 없는 헌금이었단 말인가 봐.
"
314,E63," 내가 교회 사람들을 돕고 있는 게 정말 고마운 일이지?
아마 나는 이 세상에서 가장 가난한 사람들을 위해 내가 기도할 수 있을 것 같은 기분으로 교회에 왔을지도 모른다.
내가 교회를"
315,E63," 그런데 내가 지금 어떻게 살고 있는 거야, 그 사람이. 그 사람은 내 아내보다 더 좋은 사람을 만난다고 생각했지. 그 사람한테도 내가 얼마나 행복하게 살고 있단"
316,E63," 아유 참, 아까도 이야기했던 대로 건강도 잘 유지돼 있어요. 그래서 오늘은 아까부터 궁금하신 거는 아유 아빠의 얘길 들어"
317,E63," 내가 그 돈을 모두 주었는데.""
그렇게 말하며 나는 그 돈으로 다시 한숨 돌렸다.
나는 내 옆에 앉아 있었다.
""그런 일이 어디 있냐?"""
318,E63,"""
그때서야 그는 다시 말을 잇었다.
아들이 입원할 당시만 하더라도 아들은 이미 퇴원도 하지 못한 상태였고 어머니는 여전히 입원 치료를 받아야 할 상황이었기 때문이다.
"
319,E63," 그래서 그 돈을 내 줄 테니 내가 대신 치료비를 내게 댈테니, 내일부터라도 내 돈 내 줄게. 그러게 말일 테고 내가 먼저 치료비가 필요할 때는"
320,E63," 그 남편에게 늘 감사해. 내가 이 일을 하는 건 내가 책임지고 해야 돼!"" ""그럼 이게 다 괜히 그런 거야! 이"
321,E66," 그런데 우리 가족은 그 음식들 때문에 너무 스트레스 받아.
그렇게 된다면 어떻게 되나?</d> 오늘(22일,)은 전국에 구름이 많겠습니다.
다만 제주에는"
322,E66,"</d> 이 때 마츠이 토시야가 ""아빠는 왜 안 그러시죠?!""라는 질문을 하자, 아야네가 대답하지 않자 ""그"
323,E66," 그런데 갑자기 내가 이상한 소리를 해대며 화를 내는 바람에 내가 너무 화를 냈던 거야, 난 그 자리에서 꼼지락을 떨면서 뭔가 얘"
324,E68," 그래서 그 돈으로 그 집을 사서 살았거든.
그러다가 우연히 알게 됐어.
이 집은 우리 집이 아니라 우리 집이거든!
그 집"
325,E63," 암이 있으면 암은 더 이상 재발하기 힘들 거야.""
나는 고개를 흔들며 말문을 열었다. 가슴속에 있는 것은 하나님께서 하셨을까 하고 생각했다.
나는 고개를 숙였다.
그런 생각을 하자"
326,E69," 그래서 나는 이 책을 썼어.
그게 내가 그 책을 쓰는 이유인 거고 그래서 나는 내 책을 썼어
그래가꼬 내가 이 글을 쓰게 되었어요
그런데, 나는 왜 내 책이"
327,E62," 그래서 결혼식을 올리고 난 뒤부터는 내가 정말 사랑하고 있다는 생각이 든다고.""
""그래서 나는 행복해.""
그는 고개를 흔들면서 말했다.
그런 다음 그의 말을 듣고 있던"
328,E66, 그래서 우리는 그 곳을 떠났는데 그 사람은 우리보다 먼저 우리 집에 도착해. 우리는 곧 그 사람이 살고 있는 곳으로 가서 그 사람과 이야기하게 되었
329,E66," 그게 내 인생의 가장 아픈 부분인 거 같네. 내가 그 친구를 너무 사랑하고 있으니까.
그래가 그 친구를 사랑하니까 더 이상 그 사람을 미워하거나 원망"
330,E66," 내가 왜 이러고 있는 거냐면. 너한테 왜 이러냐. 왜 이렇게까지 해야 돼! 나하고 같이 있으면 너무 괴롭잖어!
"
331,E64,"</d> 오늘부터 내일은 더워지죠~?
그래도 더운데 괜한 걱정 마시고~~
오늘은 내일의 달달하고 달한"
332,E60,"""
이렇게 말하고 나는 그 자리에서 냅두기로 하고 밖으로 나갔다.
나는 강아를 안아서 그 자리에 그대로 두었다.
그런 다음 그 강아지에게"
333,E63," 내 시를 읽은 후엔 나도 시를 쓸 때 마음이 따뜻해져. 내가 내 마음을 잘 안다는 것은 내 마음이라는 것을. 그래서 나도 내 마음을 알겠지.""
그"
334,E64, 넌 <unk>도 좋아. 아빤 내가 너무 좋아하니. <unk>한테 잘 해주고 싶어서. 오빠랑 함께 잤거든? 괜찮
335,E66," 너는 내일 아침이잖아, 너랑 내가 같이 저녁먹자?""
엄마가 내민 커피가 생각난다고, 내심 속상"
336,E66, 그리고 수학과 과학을 공부할 시간이 부족한데 수학에 집중하기 위해서라도 공부를 게을리하지 마세요”라고 조언한다.</d> 서울고검 특수1
337,E60," 그런데 내가 어떻게 해야 할지 몰랐지. 그게 바로 그 이유라고 할까, 아니면 왜 그렇게 해야 할지 몰랐어? 그 이유를 몰랐을 뿐인데. 그래서 내 마음이 어떻게 변해"
338,E60," 그래서 내일도 학교에 가고. 내일 아침에는 또 학교에 가고.
그래, 너가 너한테 넌 내 딸이라고 했어?</d> 저는 이 글을 쓰는 내내"
339,E60, 그래서 그 친구가 내가 왜 나를 괴롭히는지 이해했다면서 내가 그 친구들을 괴롭혔을 것이라고 생각해버렸고 결국 내가 그 친구에 대해 알게 됐
340,E60," 선생님을 찾아가는 중에, 갑자기 내가 갑자기 뭔가 얘길 꺼내서 나한테 얘기한 걸로 알고 있었는데"
341,E64, 하지만 나는 그걸 알면서도 왜 그렇게 괴롭히느냐? 내가 그거 안 무서우니까 그거를 알면 어떻게 하겠니! 내가 왜 그렇게 싫어해요. 왜 그러냐
342,E64," 너는 내 딸이고 너는 내 아들이라고 생각했거든? 너를 그렇게 생각하다니까. 네, 그렇구나.""
이렇게 말하며 두 사람을 번갈아 쳐부순다.
"""
343,E62," 그래서 나는 너한테 줬지. 괜한 거 아니다. 넌 내 친구다. 난 넌 네 친구가 아니라 내 친구가야."" 하고 말한다.
그리고 그 친구가 내 말을"
344,E62," 그리고 그걸 또 하나 더 사야 되는데?""
이제 그 친구가 그 화장품에 관심을 보이는 걸까?
그 친구가 또 한 가지를 물었다.
이건 내가 화장품을 산 게 아니고 다른"
345,E65," 그리고 <unk><unk><unk>. 이걸 먹다 말고 ᄏᄏᄏ 뭔데 #치즈가 듬성듬뿍 들어가 있어서.!
이거 진짜 너무 좋았던"
346,E65," 그건 바로 이 세상 어디든 다 있구나. 이게 내 인생의 전부가구나.""
""이거야 말로 내가 가장 사랑하는 장소. 그리고 그건 나의 모든 것이지."""
347,E65," 그거면 됐지. 근데, 사장님의 말대로 우리도 그걸 알고 있었으니. 사장님이 뭘 잘못"
348,E68,".
그곳에는 우리 부부가 묵고있는 숙소를 비롯해
아내가 좋아하는 레스토랑과
우리 가족들의 소꿉놀이 장소 등등..
우리 부부는 이"
349,E68,"""
김동수는 한사정이 담긴 종이를 들고 학교로 들어갔다.
한 사장은 김동성으로부터 편지를 받았다.
""이번에 오셔야 해. 내가 직접 편지를 보내드리는"
350,E68,""" 라고 말했다.
그러던 중에 갑자기 한 남자가 나타나서, 자신의 집에서 함께 살고 싶지 않다며, 자기 집에서 살고 싶어 하는 사람들을 위해 돈을 빌려달라고 했다.
그러다가"
351,E65," 그리고는 내가 청혼한 지 몇 달 후에야 겨우 청혼장을 받아들였어.
그리고 그 청혼장 안에 들어가자 그 여자가 그 여자가 나를 쳐"
352,E67," 그니까 지금 그거야? 아~ 아유 진짜 진짜 너무 좋았어.
어~ 정말 너무 너무 좋아.
근처 그쪽에도 그거 되게 좋아하는데 아까 그~ 그쪽에 가면은"
353,E67," 그런데 임신 테스트에서 여자 친구와 함께 찍은 사진을 공개했어. 그래서 여자 친구가 임신했다면서요. 그게 바로 그 사진이었거든.""
그는 다시 말을 이으려고 애썼다.
그는 고개를 끄"
354,E63," 그리고 나는 내가 하는 일의 보람도 느끼고. 그래서 나는 더 좋은 일을 하고 있는 것이 아닐세. 그래서 그건 정말 내가 해야 될 일이에.""
""내가 하고 싶어."
355,E64," 내가 이걸 좀 알아둬.""
그가 고개를 숙이며 물었다.
""이걸로 괜찮다고 생각하세요? 그거야말로 이걸 좀 알아봐요. 내가 어떻게 알"
356,E64," 이 회사가 사람을 뽑으면 이 사람이 일을 하는 거고.
그렇기 때문에 직원들을 위해서 일하는 거지?
그러고 보니 내가 생각하는 직원들 중에 이 사람은 이 사람한테 돈을 받고 싶"
357,E65,"! ᄒ
이건 광고에 나와서 하는 말이에요?
저는 광고제작자니까요.
광고기획을 하면서 저는 광고를 만드는 것이 아니라 저에게 맞는 광고를 만드는 것을 좋아하더라구, 그래서"
358,E62, 오늘은 출근할 때보다 일찍 퇴근은 하겠지 뭐. 어휴. 아~ 네네. 오늘 아침에도 좀 많이 피곤해 보이더라. 아이고 오늘 아침도 되게 안 좋을 것
359,E62," 내가 좋아하는 일이 있어.""
그녀는 고개를 끄덕이곤 말했다.
""아빠, 난 지금 내 곁에 있잖소.""
나는 그제야 그녀가"
360,E66," 그 이후 우리는 새로운 사업 모델을 구상해보고 있어.""
나는 고개를 저어보았다.
""아무튼 이번 세 번의 세미나는 그 어느 때처럼 큰 성과를 거두지는 못했군."" 그는 내 말을 듣고는 이렇게"
361,E66," 그건 그렇죠.""
그는 그 말을 듣기 싫었다.
""아니야."" 나는 말했다.
그는 말했다.
나는 그 말이 마음에 걸렸다.
그가 내게 말했다.
내가 그를 쳐보자 그가 말했다.
내가 그를"
362,E66," 그리고 그게 내가 할 몫이라고 생각해서.""
이 말을 듣고 있던 김민지는 눈을 크게 떴고, 그 말을 들었을 때"
363,E68," 그게 내 인생이었지.
그래서, 우리 집에는 아직 한 번도 가지 않았어.
우리 집에 오니까 내가 뭘 했지?
내가 그 집 식당에 들어가자 우리 부부는"
364,E63," 그리고 나 또한 그 동안 많은 고난을 견디며 살았고, 이제 더는 자식들의 미래를 염려할 일이 아니에요.” “그래서 저를"
365,E69," 그러기 위해서 우리 아들들도 우리 병원에 가서 검사를 받아보고 그 결과를 토대로 우리 아들을 병원에 데려와서 치료를 해야 해!""
아들은 그런 생각을 하며 울"
366,E64, 그런데 그때 그 할머니는 내가 할머니에게 한 말이 생각난다더군! 그 할머니를 보고 나니까 내가 정말 행복해. 그게 얼마나 큰 행복이었겠
367,E61," 하지만 나는 여전히 투자하지 않았어."" 이 말이 그의 머릿속에 깊이 자리 잡게 되었다.
""나는 이제 그게 무슨 소리인가 싶어."" 이 말에 대해 그가 대답할 때마다, ""그럼 나도"
368,E60," 하지만 난 내가 그게 너무너그러운 거 같아.” “내 동생도 그렇고, 내가 너랑 함께 있는 게 더 좋은데. 난 그게 정말 행복할 줄 알아."
369,E60, 근데 이제 이거 좀 안 먹었는데 근가 그거 좀 먹었으면 좀 덜 안 먹을 수가 있었겠다. 그래서 이제 그때 이제 좀 먹고 나서도 계속 이제 먹고 나니까 그게
370,E66," 그니까 그건 뭐가 잘못이다라는 건지 그건 좀 의아하고 좀 그렇죠.""
이번 주에도 이맘땐 이거 좀 더 기다려봐요.
어쨌든지"
371,E60," 내일이 일요일인데 오늘처럼 비가 올까 싶어서였어.
그런 다음 나는 내 일처럼 비를 맞고 산을 오르고 싶지 않지?
내일 비가 오더라도 내일이 일요일이고 내"
372,E67," 그 부서는 내가 무슨 말을 하는지, 무슨 말을 해야 할지 모르겠어.""
""아무 말도 없네.""
나는 그제서야 고개를 끄집었습니다.
""어쨌든, 내가"
373,E63,"난 나이가 먹으니까 <unk>었을 때보단 편안하고 좋아. 그땐 나도 잘 몰랐다.
그래. 내가 왜 그런 짓 하는 걸지.
난 그게 싫었지. 라고 말하면서 그 때처럼 내가 그렇게 생각했을까."
374,E63," 그래서 운전도 하고.
아까도 얘기한 것처럼 내가 그~ 운전할 때 그거 좀 조심하고 싶고 그건 나도 좀 잘 알 것 같고 그니까 내가 뭐 그~ 그게"
375,E62," 그러니까. 내가 너를 좋아하게 된다면 너와 함께 행복하게 살 거야, 내가.""
그때, 그 남자는 내게 물었다.
내가 대답을 못하자 그 남자는 나를 빤한"
376,E62, 그런데 왜 이렇게 건강해졌어. 왜 그러냐면 내가 지금 그거 뭐~ 건강해? 아니 그거는 내가 그게 왜 그렇게 좋아. 왜 그러고 그러고 그거는
377,E65, 그쵸 예~ 그쵸 그게 뭐지 그쵸 아 그쵸. 그쵸 예~ 아 예. 아 예예? 예예~ 어 예. 그래서 이제 뭐~ 이걸 이제 뭐야 뭐야 예
378,E67, 어~ 그까 이제 생리통이 있으셔 가지고 이제 이제 그걸 인제 이제 이제 사십이 대까지 어르신이 이제 이제 이거를 어머 어르신이 이게 이거 이
379,E67, 우리 집엔 아무도 없대? 그게 무슨 소리야. 어떡하지. 그 할머니한테 가서 그 할머니의 손을 잡자고. 그걸로 해결될 게 아
380,E69," 그건 정말 잘 알고 있어.""
그녀의 말을 들으며 나직히 고개를 숙여 인사를 건넸다.
나직스레 웃어 보이던 그녀의 얼굴은 갑자기 어두워져 있었다.
"""
381,E68, 그리고 하나님이 너에게 말씀해주시면 네 하나님을 의지하며 살아갈게야.”</d> 지난주부터 본격적으로 시작한 ‘2015학평도대화’가 대학별 고입 논술고사 대비 대세로
382,E62," 내가 좋아하는 사람이 있으면 내가 그 사람을 좋아하는 거지 뭐 이런 거를 내가 좋아하는 게 아닌 게 아니라 나는 그런 사람을 싫어해요.""
그가 말하는 친구들이 얼마나 많다고 생각하나요?
나는"
383,E62, 내가 밥 먹으면서 내가 좋아하는 일을 하고 싶은 거 아니겠나. 그걸 왜 안 하려고? 밥 먹을 때마다 내 밥이 내 몫이 아니겠니?” “그럼 왜 안 하겠다는 거지
384,E64," 지금이 적기가 아니라 내년이니까 내년이 더 중요하니. 내년에 어떻게 해야 할지, 어떻게 준비를 하느냐. 지금 당장 해야지! 내가 할게 뭐 있어?""
그때"
385,E63," 이 노래가 우리를 즐겁게 할 뿐이지!""라든가 '나는 늙었으니 너는 젊다'는 노래가 있어.
나는 '내가 늙었니 내가 늙지 않았니"
386,E61," 내가 이번에 괜한 걱정 안 하고 <unk> 잘 지냈으니까 뭔지 알아.
그런데 뭘 그렇게 좋아하니까 그건 뭐야? 그~ 이케 그니까 넌 뭐"
387,E61," 엄마 아저씬, 아줌마, 저희 엄마, 저, 엄마 아저씬이랑 같이 가려고 했는데 엄마는, 엄마, 엄마랑 아차 하는 걸 보고 싶어서 갔었대"
388,E66," 그건 뭐~ 뭐야? 이게 무슨 얘기가 아니고 그게 뭐지 뭐~ 그건 무슨 말이 아니고 이걸로 인신공격을 하는 게 아니잖어?
이거야?"
389,E61," 너희 집에도 밥 한 그릇 안 되는 집이 있어? 너는 너보다 한 달이나 일찍 죽었으니 그게 다행이겠어""
그 말에 나는 다시 말을 이어갔다.
그러고는"
390,E69," 요즘은 등산도 많이 다니는데 등산복 입고 산책을 하면 더 좋을까 싶어서.
아~ 그래.
아휴. 그래.
아휴 근가 등산복이 너무너프네.
"
391,E69," 그래서 오늘부터 아침 일찍 일찍 일어나야 해.""
""오늘도 출근해서 저녁을 먹는 건가요?"" ""아뇨"" 라고 대답한 그녀는 씩 웃으며 말했다.
그리고 그녀의 눈에는 여전히 "
392,E61," 그런데 이걸 어떻게 할 방법이 없어서 내가 그 병원에 갔지.""
그렇게 말하더니, ""아뇨, 이거야.""
나는 그제까지 내 말처럼 아무렇지도 않았습니다.
""이거 뭐"
393,E66,"""
""그건 나도 알 거야, 난 네놈들이 하는 일이니까.""
이렇게 말하고 난 뒤 왠지, 나는 고개를 끄적였다.
그런데 내 눈에 비친 것은 바로 내가 아니었다.
""이제"
394,E66," 너랑 놀자니까 우리 엄마도 우리 엄마를 닮아가지고. 우리 아까 엄마한테는 한글 배워. 엄마하고 한글 배우면서 엄마는 또 우리 아저씨는 엄마를 닮았어.
엄"
395,E66," 하지만 내 친구는 내 친구가 아니거든, 친구도 친구야! 친구랑 여행을"
396,E66," 내 말이 맞는 건데?""
아무리 생각해 보아도 내 말을 믿을 수는 없어서, 그는 내 말을 믿지 않으려는 것처럼 보였다. 만약에 내가 내 말을 믿을 수 있다면, 그걸"
397,E66," 그 친구하고 연락을 해봤더니 그 친구가 갑자기 전화를 걸어. 어떡하지, 뭐? 그 친구와 전화해 봐.""
""그런 얘길 들었는데.""
아이가"
398,E62," 우리 팀이 우승하면 어머나 어쩜 이렇게 기뻐하시고. 그리고 그거 보고는 또 정말 감사한 생각이 드는데요. 아~ 이거 참 좋은 것 같아요.
아니 저"
399,E62," 그래서 오늘 저녁이랑 내일은 신나게 놀자고 그랬어.
아니 그런데 그 친구랑 얘기가 잘 돼가지는 않는데 그 친구에 대한 얘기를 했어.
"
400,E62," 그리고 그게 바로 창업 아이템일 수도 있고.
그래도 내가 좋아하는 아이콘을 가지고 있는 것도 좋은 것 같단 말인가봐.
그래"
401,E62," 그리고 그때 내가 그때 친구와 함께 했던 기억이 아직도 떠오른다면서.""
아빠의 말에 아기는 울먹이고 말았다.
그날 밤에도 나는"
402,E68," 내가 너를 좋아하는 건 네 마음도 그렇잖. 그쵸.""
""너를 사랑하는 게 내 마음인데 네 마음이니까 너를 좋아하지 않을 수 없는 것 아니야! 그건 그렇고,"
403,E67," 그래서 그게 내 인생의 큰 계기가 됐다고. 근까 이번에 뭘 할 때 내가 그 친구하고 같이 그걸 해봤던 게 있어.""
이제 와서 생각해보면 나는 이 친구한테 정말"
404,E67," 난 그 친구들을 잘 알고, 또 고맙게 생각하며 살고 있어.""
""난 네가 정말 좋아!""
그녀는 친구들의 손을 잡았다.
그러고 보니 친구들 가운데 가장 아름다운 친구들은 바로"
405,E67, 네네. 아~ 예~ 이~ 뭐 이~ 뭐~ 이케 이~ 어차 피씨방에서 이제 그걸 이제 뭐~ 뭐야 그걸 이제 그거를 그걸로 이제 어어 어
406,E67," 그 후엔 <unk>이랑 함께 살게 되었어.
내가 너를 사랑하게 될 때쯤은 넌 나를 떠나버려야 해.""
그녀는 내게 이렇게 말하면서
""난 널 사랑하지"
407,E67," 어머! 어머, 이게 웬일이지! 어휴. 이거 다 내 잘못이지! 아이고. 어머, 아빠,"
408,E69,"요.""
그는 이렇게 덧붙였다.
이런 말들을 들으면 그는 정말 기쁜 기분으로 말을 계속했다.
그는 또 말했다.
나는 이 일을 아주 자랑스럽게 생각하고 있다.
이런 일이 있은 후로 우리는 모두 즐거운 생활을 하고 있는 듯하다.
"
409,E69," 하지만 지금은 내가 할 일은 없어.""
나는 그 말이 마음에 걸렸지만 그렇다고 대답하지는 못했다.
""그렇게까지 할 수 있는 사람은 없을 거예. 하지만 나는 그 사람을 믿고 있어.""
나는 내 얼굴을 똑바로 응시해 보기로"
410,E69, 그래서 내가 이렇게 하는 게 참 행복할 거 같아. 내가 그~ 뭐가 제일 행복한 거 같냐면 나는 그게 제일 행복해? 내가 제일 행복해라고 생각하는 사람은 누구지 모르겠는데? 네
411,E69," 학생회는 학교운영위원회를 열어 선출하고 학교 운영위원회를 통과해 학생총회를 열게 될 것 같다""라며 ""이번에 당선될 학생은 모두 학생회장을 역임했던 학생들이라고"
412,E69," 그건 잘 모르지만, 그래도 우리 아저씨 같은 경우에는 성격이 좀 화통해 보여서 우리도 화통한 기질이 있지. 그래서 우리도 우리랑 같이 화"
413,E63,"!""
""그런데, 저런 애들하고 어울린단 말씀이세요, 저.""
그녀는 그 말이 무슨 뜻인지를 알아차렸다.
그리고 그녀의 말에 따라 그녀를 다시 보았다.
그리고 다시 그녀를 보았다.
그녀는 그녀의"
414,E63," 하지만 나는 내 마음이 편하거든.""
나는 내 손을 잡고 천천히 걸어가며 물었다.
그러면서 나는 다시 한번 내 말을 가로막는 말을 하고 말았다.
내게 그런 말을"
415,E65,"""
이미 핸드를 잡은 여자애와 그 여자가 서로 손을 맞댔지만 아무 일도 없었어요.
이렇게까지 해서라도 여자애는 자기와 헤어져, 다시는 그 여자와"
416,E65,"!
#먹부림#먹자.
오늘부터 내꺼!!!
내일은 더워지네 ㅠㅠ 
오늘의 포스는 내꺼 ㅠㅠㅠㅠ!
이렇게 먹고 #"
417,E65," 이랬어요!
이렇게 말하니깐 내가 뭐가 그렇게 화를 내나요?
이런 말 하는 거예요,
내가 너랑 결혼하고 싶다는 얘긴 했나요?
"
418,E61," 하지만 난 그 일을 하고 있는 것이 아니라 엄마 아빤 나를 위해서 일을 하셨으니까, 난 아까운 아줌마의 마음을 조금만이라도 아낀다는"
419,E61," 넌 내가 너에게 잘해줄거라고 생각하니 기특한 기분이야.""
그녀는 내 말에 대답을 못했다.
나는 그녀에게 고개를 돌렸다.
그리고 그녀가 내 앞에 있는 걸 눈치를 못 줬지만 그녀는 내"
420,E60," 그리고 내가 지금 그~ 저를 좀 도와준다고 해서, 그래서 이제 내 친구들도 많이 좋아해 가지고. 근데, 내가 지금 좀 많이 도와주고 싶은데? 내가 이제 내 친구도 이제"
421,E66," 그걸 보고 난 후로는 내가 결혼했지 뭐예요? 아, 그게. 난 그 사람이 내 동생이야! 그 사람이 그 사람을 결혼시켜준 게 그거잖어? 난 내 동생이"
422,E64," 그리고 이게 왠만하면 내 남자 친구한테만 하는 얘기가 아니야.""
아무것도 안 하는 척하는 남자들이 있었다.
그런 남자들 때문에"
423,E64," 그게 아니라 결혼생활을 오래 유지할 수 없을 수도 있나?"" 라고 반문하겠지.
하지만 나는 그렇게 생각해.
결혼은 정말 행복한 일이고 결혼도 행복한 일이니까 말이에"
424,E62," 그게 다 내 실수라고. 난 정말 그게 너무 미운 거라고 생각해요.""
아빠가 웃으며 말했지만 나는 고개를 저"
425,E62," 그건 정말이지 정말 아니지?"" 하고 묻는다.
이런저렇게 말하지만 그녀는 여전히 웃어넘기는 듯 하다.
그런데 그 순간 갑자기 <unk> 하고 목소리가 들려온다.
""그런"
426,E68, 그건 정말 큰 실수예요. 아유 아휴. 네네. 네네. 예쁘다. 예쁘고 예쁘다 뭐 이렇게 예. 예쁘게 예. 이렇게 해서 예뻐요. 네~ 네
427,E66," 그런데 내가 그 여행을 떠나고 싶다고 해서 내가 셰계 여행을 갈 거냐, 아니야!""
""내가 너에게 여행 가겠다고 말한 적은 없냐? 그게 뭐가 그리 급했는지 몰라.
"
428,E62," 그건 내일도 똑같아. 내일, 그게 바로 내가 취직하고 싶어하는 기업이 되는 거란 말이야! 내일은 또 다른 기업도 있을 텐가? 그게 곧"
429,E65," 서류전형 때 다 <unk>니꺼? 합격했는데 서류 전형에서 떨어졌는데 면접 때 떨어진 게 서류 합격했지.""
그녀는 고개를 가로 젓는다.
그리고 한 걸음 한"
430,E68," 정말 감사해요. 정말 너무 행복했습니다."" (중략 ) ( ""그냥 좋았습니다."" ) #</d> 2018년 10월 31일
2018년 12월 1일
2016. 11. 22"
431,E62, 그래서 그게 안 되더라”며 “이제부터라도 내가 먼저 상의를 하고 싶은 거다. 그런데 상견이 늦어지는 바람에 너무 화가 나서 어쩔 줄
432,E62," 네? 예? 네. 그거는 인제 뭐 예. 저희들한테 얘기할 게 아니잖어요.
아니 저는 예. 저희는 인제 뭐"
433,E65,"! #임신을 한 지 얼마 안 됐어요.?""
임신은 내가 하는 거니???
""응"
434,E66," 그래서 같이 싸웠어.""
이미 친해졌다고 생각한 이씨는 그 말을 믿지 못하고 계속 말만 되풀이하였다.
그는 그 말을 믿지 못하는지 계속 그 말을 믿지 못하는 듯하다가 결국 거짓으로 드러났다.
그런 그가 이"
435,E60, 근가 뭔지 모르는데 그~ 이게 뭘까? 아빠는 뭐라고 그랬는데? 응 근까 왠가
436,E68," 그래서 그게 내 인생에서 내 인생의 전부라는 생각이 들어요.
그래서 그게 그걸로 끝나는 거 아니겠어요.
네. 네에~ 그래서 그런 거는 이제 연애 중에 가장 행복해지는 거"
437,E61," 이번에 계약직으로 다시 복직되어 정규직이 되었어.
아무래도 정규직은 아니지만.
그래, 나도 그게 정말 기쁘다.
그래. 나도 이게 내가"
438,E61," 그래서 계약직으로 채용이 된 거지.
그렇게 되니까 이거 뭐야?
그냥 그냥 계약직은 아니고 계약직인거 같애요.
그니까 정규직 사원에서"
439,E67, 임신한 아내를 둔 엄마는 임신 5개월차인 아내를 임신한 아내를 두고 '남편의 건강도 중요하다'고 생각하셨을 텐데이. 남편은 출산 전 임신한 아내와
440,E67, 그리고 산부인과 의사인 저한테서 진맥을 받아보기 위해 병원을 찾았다가 저희 집 근처 한적한 산촌에서 만났는데 그 산부인과에 처음 와보는 거 같
441,E69," 내가 지금 결혼하고 있어?
그렇다고 해? 그럼, 지금이라도 빨리 결혼을 해? 내가 먼저 결혼하자고 할 거 아녜요?
이혼하고 나서 난, 내 결혼하고 나"
442,E69, 그러고 보니까 그 아이가 또 다른 아이를 낳을 거라고 믿어. 그 아이가 또 또 다른 아이로 자라. 그러는 걸로 봐서 그 아이에 대해서는 어떻게 생각하고 있는지 궁금해.
443,E66," 그리고 또 하나 더 중요한 게 이거 때문에 이제 뭐~ 이제 우리도 뭐~ 뭐라 그랬나? 어.
이제 뭐~ 뭐~ 그거 좀 뭐라"
444,E69, 그러나 이게 끝이 아니라 더 많은 시간이 필요할 것 같아서. 하지만 난 그 동안 너무 바쁘게 일했다. 그걸 어떻게든 해야겠다고 결심해. 난 이제 그 일을 계속해야
445,E61," 그래서 내가 이 책을 쓸 때마다 나는 이 책을 읽고 난 뒤에 내가 어떻게 살아야 하는가를 알게 되었어. 그게 내 삶에서 중요한 일이라는 걸 알게 됐고, 나는 이제 내 삶 속에서 가장 큰 힘을 얻고 있더구먼"
446,E67," 그리고 그 이후로 계속 연애할 생각을 하니 너무 기쁘다""라며 ""이렇게 많은 사람이 다 연애에 대해 관심을 가지고 있는데 내가 왜 이렇게 기쁠까?
왜냐면 이게 정말 이 사람이 연애"
447,E67," 그래서 내가 남자랑 결혼할까봐 그랬는데 남자친구와 결혼해서 남자 친구랑 결혼할래, 여자 친구랑 결혼해서 남자가 여자를 사랑하고 여자를 좋아하는 거 같아? 여자친"
448,E62," 내가 이걸 어떻게 할 건데.""
""그렇다면 당신들은 그거 어떻게 할 수 있을지 생각해 봅시다만. 나는 지금 당장 내 일을 그만둘까 봐요.""
"""
449,E69,"""
그는 자신의 감정을 억누르고 싶을 만큼 사랑하고 있다는 사실을 잘 알기 때문이다.
그는 자신을 위해 자신의 사랑을 베풀 줄 알고 있었다.
""내가 너에게 무엇을 할 거라"
450,E62," 나는 항상 내가 하고픈 말이 있어. 내가 하고픈 말, 나는 너한테 거짓말로 들린 거잖아, 내가 그 말을 하고 싶어서 거짓말한 거니까.""
그는 나를 비웃고 있는"
451,E62, 그래서 항상 내 마음을 잘 이해해주고 잘 챙겨서 아이들과 좋은 대화를 해. 내 마음도 마찬가지야.”라며 딸에게는 늘 고민을 얘
452,E62," 그거 안 해도 되니?
그런데, 난 왜 안 그래?
그런데도 난 안 그래, 그게 뭐지??
그게 뭐야 이따위 거 다 내버"
453,E66, 그걸로 족한데 내가 어떻게 할 거야. 난 지금껏 내가 한 일에 대해 아무것도 모른 채 그저 행복해. 하지만 이제 와서 후회
454,E66," 너무 좋아!""라고 말했다.
또다른 한 학생은 “너를 너무 좋아하는 거야? 너랑 영화를 볼 때마다 좋아!""라고 말했다.
또 다른 학생은 “아이가 좋아하는 거구나"
455,E66," 그리고 내년엔 꼭 가볼래?
그때가 되면 나도 다시 올 거 같아
그렇게 생각하면서
아니나 뭐"
456,E66, 그래서 요즘에는 여행가방 가지고 가려고 하는데 요즘에는 여행 가방에 가방을 가지고 다니잖니. 가방에 가방은 따로 들고 다녀야 하니까 짐도 들고
457,E66," 그리고 내 방에서 내가 뭔가 하고 있는 것 같아서 내가 밥 먹으려고 했는데. 밥이 안 나와서, 그걸 먹으려고 하니 내가 밥을 먹을 수가 없었어.
그러자"
458,E66," 내 아들이 대학 졸업 후 대학에 입학하면 등록금이 더 오를 수 있어.
내 아들은 등록금을 아까워서 대학 진학의 기쁨을 누릴 순 없었는데 내"
459,E66," 그래서 내가 다시 그 일을 할 거예요, 하고 나는 생각했거든, 그래서 내가 다시 한 걸로 하겠어.""
이번엔 나는 다시 한번 고개를 저었어.
이런, 그런"
460,E66," 카페가 좋으니까.""
나는 카페를 창업할 때 꼭 알아야 할 사항을 정리하면서 이야기를 나누었다.
카페이지를 열어놓고 커피를 마시는 것도 좋지만, 다른 사람에게도 친숙해지고 친해질 수"
461,E60, 그래서 그거를 이제 내가 이제 이렇게 좀 운동을 하게 된 건가 봐요. 아 그래요. 근력이 좋으면 운동할 수가 있는데 아~ 그래요
462,E60," 체력도 좋지만 운동을 할수록 몸이 튼튼해져. 체력을 단련시켜주면 건강에도 좋은 거니까.""
나는 다시 한번 운동을 했다.
그동안 나는 매일같이 꾸준히 꾸준히 걷고 있었다.
"
463,E60," 그런데 어느새 등산에 함께 가고 있었대. 그걸 보고 나도 깜짝 놀랬어. 그때가 그때가 제일 행복한 시간이었던걸로 기억돼.""라며 그 말을 남기고 산을 떠났다.
이"
464,E60," 하지만 이젠 내가 더 건강해질 것 같아! 내가 더 행복해질 수 있는 방법을 알려주고 있단 말인가?""
아무리 생각한다 하더라도, 내가 더 잘 살 수는 없다는"
465,E60," 그래서 내가 이게 무슨 일이든지 할 줄 알았더니까 이게 다 뭐예요, 뭐라고요 이게 다 무슨 일인데요. 그~ 이십사 시간만 지나면 이"
466,E60," 정말 너무 고생이 많구나!""라고 했다.
이웃들은 모두 행복하게 살고 싶어 한다.
이런 행복은 누구나 갖고 있는 행복"
467,E60," 내가 이번에 운동을 한 건데 이게 내가 이번에 운동하는 거를 처음 본 거거든? 아 그래, 운동하는 데 있어. 아"
468,E60," 검사 결과는 좋았지만 건강상태와 생활습관은 계속 지켜 봐. 검사결과만 나오면 건강검진은 잘 될 테고, 건강보험도 받을 거고.""
그녀의"
469,E60," 어서 흡연금지하고 금연해야해?""
그녀가 담배를 피우기 시작한 지 한 시간이 지난 후에야 담배를 끊게 되었으니.
그녀가 다시"
470,E61," 술 먹고 싶어서 그랬지.
그럼, 술 한 잔 하자.
나는 그걸 거절하고 술을 마시지 않기로 했다.
나는"
471,E63, 그러지 않으면 서로 간에 갈등하고 싸우기 마련인데. 그런 문제를 어떻게 풀어가느냐는 문제거든요. 그러니깐. 그래서 이걸 어떻게 풀어갈 것인가도 고민
472,E61, 그리고 내가 그~ 이~ 감사하고 싶은 거를 얘길 해줘. 내가 그거를 할 수 있어 그걸 하고 싶다는 게 그게 아니라 그냥 감사할 게 있으면 그걸 할 수 있잖아
473,E61," 그건 내가 잘한 일이라고 생각해! 난 그건 잘한 것이라고 해!
내가 그렇게 생각했었어?.
난 잘했다고 생각해서 그랬어?
그렇게 생각해?!
나랑 같이 일하던 친구가"
474,E68,"'
이번에도 괜찮은가요?
나는 신음소리도 들리지만 신음 소리에도 귀를 기울이고 싶습니다.
이제부터 나는 뭘 해야 하나요.
그저 왠만해서 꼼수만"
475,E62,"""
나는 다정히 웃고 말했다.
그러자 간호사들이 다급히 말했다.
간호사들 가운데 내가 가장 좋아하는 간호사들은"
476,E63," 그래서 그런지 오늘은 괜히 뭔가가 아쉬워. 뭘 좀 해야 되겠다는 생각에 왠만하면 오늘은 뭘 좀 해봐.
아직"
477,E64," 그래서 나는 늘 친절한 친구였으니까.""
아빠, 나는 그 말을 들을 때마다 기뻤다.
내가 엄마한테는 너무 잘해준다는 생각이 든다.
나는 엄마보다 아"
478,E67," 내 얼굴이 궁금한가 보네, 내가.""
""아, 그래. 내일이면 다시 올 텐데, 오늘이 언제쯤이면 또 만나실 거야? 오늘"
479,E68," 내가 할머니한테 전화를 한 건데.""
나는 연락이 와서 반가워하고 있는 것을 확인하고서야,
'아빠는 지금 어디 있습니까?'
"""
480,E66," 근디 괜한 거 같네. 그래?
어머머님도 이제 좀 쉬실라고 그러세요?
네. 네? 예. 어.
그런 거 있나요?
"
481,E63,".
그래서 저희도 이케 뭔지 잘 모르는 분들끼리 이케 좀 많이 다니시면서 뭘 하고 계시지.?
어쨌거나 요즘에는 좀 더 편하네"
482,E68, 이게 무슨 말이냐고. 그니까 우리 직원들은 성과급으로 다 받았지. 그거 다 받았다. 그런데 우리도 그~ 저는 성과급으로 받았
483,E67," 그리고 또 한 명 더 있어.
아빠가 먼저 그게 무슨 말입디까? 하는 그런 거.
어머님이 그 얘기 들으시니까 아~ 그 얘기를"
484,E64," 그리고 우리 집이 너무 예뻐서, 정말 멋져. 너무 멋있었어.
그런 것 때문에 나도 너무 좋았고 너무 좋았던 건 사실인데. 정말 정말 감사해!
"
485,E65,"""
그렇게 말하며 그 남자는 내 손을 잡고 복권에 손을 내밀며 복권으로 교환해주며 기뻐하는 눈치.
이런 식으로 복권의 당일에 대한 이야기는 끝이 없다.
복권은 복권당일에"
486,E62," 그래서 다시 한 번 선생님이 한 마디 해주셨어요. 선생님께선 정말 잘 해내셨다고 하네?""
나는 다시 말을"
487,E64," 그건 그건 내 몫이고 내일부터 시험을 봐야겠다.""
이제야 겨우 한 달 만에 다시 시험 준비로 정신이 든 이씨는 어느새 시험 준비의 고삐 풀리는 걸"
488,E67," 그런데 왜 이렇게 됐는지 궁금하지 않느냐. 그래서 내가 그게 좀 답변하기가 쉽지 않았어.
그래가지고 아 내가 이게 왠일로 이럴 수 있지.
그래서 아 나는"
489,E68," 그리고 그 다음이 내년 대학 입학이야. 그러고 난 다음부터는 대학 진학을 준비하게 되니까, 지금 당장 대학에 가봐.
지금도 그 다음부터 열심히 하고 있으니"
490,E69," 내일은 시험도 볼 수 있잖나""라고 덧붙였다. 고교 3등급제는 고교 3단계 성적을 바탕으로 한 내신 성적만 반영하고 등급 간 점수 차이가 크지 않기 때문에 고득"
491,E61, 내 인생에 가장 소중한 사람이니까.</d> 지난달 31일부터 이달 2일 사이에 서울 강남구 대치동과 서초동의 아파트 매매가격 변동률은 각각 0.07%
492,E63," 우리 가족들은 서로가 다름을 인정하면서 서로가 서로에 대해 존중하면서 살 거라 생각해.""
""어쩌면, 이번에 같이 사는 것이 좋겠다는 거야? 우리 가족은"
493,E67,"""고 말했다.
이씨는 ""그런데 그 때 내가 이혼한 것 같다.""고 전했다.
김씨가 이혼을 결심한 데는 ""내가 그 사람 때문에 얼마나 힘들었을 줄 알았다""고 말한 것도 큰 몫을"
494,E69," 내가 그게 얼마나 중요한지를 알게 된 건, 내가 얼마나 소중한 사람이었는지를 알았던 거지?
그건 내가 너무 소중했던 거지 뭐, 난. 난 그게 얼마나 중요한 일인지 잘"
495,E60, 내일이 다가온다 해도 그건 또 뭐지 뭐니. 내년부터 이게 좀 달라지기만 할까. 이거 어떻게
496,E63, 그래서 내가 지금 살고 있는 집은 지금 내가 가지고 있고 있는 집도 지금 갖고 있는 거거든요. 아 그게 노후 대비가 돼 있어요라고 하는 거야 그~ 지금 내가 살고
497,E64," 하지만 이럴수 있는 것은 이번에 정부가 발표한 건강하고 활기가 도는 나라를 만들기 위해 최선이야!""라고 말했다.
이 대통령은 이어 ""국민들이 건강할때는 우리 경제를"
498,E66," 이럴 줄은 몰랐어.
그럼, 이거 어떻게 됐어.
그럼. 아빠는 이번에 우리 집에서 뭘 하고 계신가봐요.
어머님께 드릴 거야?
내가 왜 그러냐"
499,E68," 내일 아침까지 다 먹어도 되는 건데""
이번에는 괜시리 마음이 편해지는가 보다. 며칠째 잠 못 이루겠어!
""그런데, 이번에 우리"
500,E66," 그래서 나는 내 친구가 될 수밖에 없어.
이제는 내 친구도 되고 싶어요.
그래, 내가 내 친구를 사귀어 줄 테니깐. 내가 좋아하는 친구를 찾아.
그러니까 내친구가 돼"
501,E62," 그걸 먹으면 더 좋아져.""
그녀는 이렇게 말하면서도 계속 내뱉는다.
""그래. 나도 그렇게 해. 난 그 약 때문에 그게 다 잘못되었다고 생각하지 않는 거"
502,E61," 그래서 이거 좀 해보려고 해.""
아내가 내뱉는 말을 들으니 마음이 한결 편해짐을 느꼈다.
아"
503,E62," 그리고 그걸 위해서 내가 정말 노력해봤던 거니까 앞으로 더 잘해보고 잘 살아서 잘살아서 잘 살아야겠다는 그런 생각이 들었어.
"
504,E64, 어땠냐 하면 이~ 이~ 그~ 이백 명 정도밖에 되지 않은데 그분들 중에서 백여 명에 대해서 치료를 받았어. 이게 백 명 중 몇
505,E60, 그래서 지금 위암을 수술했거든. 위암이 아니라고. 수술했잖냐고
506,E62," 그래서 그~ 선생님하고 그니까 그 선생님을 따라다녔어.""
선생님한테 물어보고 난 선생님을 따라다니며 물어보았다.
선생님이 선생님이 선생님은 아니라고 말하면서 난 선생님을 쳐다"
507,E63," 그래서 아휴 내가 아휴 아휴 아유 정말 고생이네. 아유 아~ 진짜 고마운 일이네. 고맙습니다.
예? 네네. 감사합니다
네."
508,E61," 내가 뭔지 모르겠어.
그래도 너를 믿어. 네게 무슨 일이라도 생겼어? 하고 싶은 거 있으면 해 줄게. 네, 그럼, 네."
509,E63, ᄏᄏ <unk>ᄏᄏ 뭔데...ᄏ;;</d> <unk>ji_jang<unk>ji_ji<unk>jang<unk>ny_hyeo.
510,E65," 그땐 그게 무슨 뜻인지 몰라도. 그거야말로 그게 무슨 뜻인지 몰라도, 이번에 우리한테 뺏기는 게 왠일인지, 그게 어떤 것인지 모르니까.""
그녀는 고개를"
511,E66," 그런데 어느날부터인지 내 마음은 괜찮은 편이에요. 내가 지금 하고 싶은 일은 바로 이걸 하는 겁니다.” “직장에서 하는 일은 내가 하는 일을 잘 알고, 또 잘할 수"
512,E67," 괜시리 마음이 든든해서.""
나는 씩 웃으며 고개를 끄떡거렸다.
그때까지 씩 웃으며 기다려 온 내 얼굴이 갑자기 환해졌다.
나는"
513,E68, 그리고 우리 팀원들도 열심히 잘해서 우리 팀이 우승할 수 있을 것 같아서 정말 좋다. 그리고 이~ 팀원들도 잘해서 정말 고생을 좀 했겠네요. 그리고 그~
514,E60," 아휴, 엄마. 엄마.""
엄마 말에 엄마는 다시 눈을 감고 눈을 감고 있었다.
그리고 엄마의 눈물이 뭔지를 알고 있는지도 모른다.
아빠의 눈물 속에는 아빤 엄마보다 더 많이 남아"
515,E62," 그러니깐. 너희는 이제 우리를 믿어야 해! 그건 내가 책임진다고 해 줘. 내가 네 말을 믿고 우리 아이들이 행복해지길 바라며!""
아빠는 아저씨가 아저"
516,E63," 내가 네 어머니보다 잘 생겼어.""
어머니가 말끝에 ""아니, 내가 네 어머니처럼 똑 닮았다.""고 하자, 나는 그 말을 믿었던 것이 아니라 네 어머니의 말에 따랐다.
나는 어머니의 말이 옳은 것이라고 생각했다.
어머니는"
517,E67," 너희 엄마랑 화해하고 싶어. 너는 정말 사랑스러운 아이예.""
그런 그녀의 마음을 이해해주지 못해 미운 정이 든다는 듯이 고개를 숙이고 말았다.
그리고 그녀의 손을"
518,E68," 그래서 내가 여행을 떠날 수 있도록 해 준 것 같네. 그리고 나랑 함께 여행을 할 수 있는 여행 가방이 있길 바라고, 그"
519,E60," 당첨금이라도 받아가라고.
당연히 연금복권에 돈을 넣고 싶어.
연금저축도 마찬가지야. 그런데 왜 당신은 연금보험을 들고 다니느냐?
아무리 생각도"
520,E61," 그래서 우리도 그런 걸로 좀 하고 있구나, 하고 생각을 했는데 그거라도 해보고자 했더니 그걸 다들 하더라는 거지.
그걸 보고 나도 그"
521,E62," 내 재정관리를 잘해서 내년에는 꼭 흑자를 내겠어?
이렇게 해서 내년도에는 내년도와 비슷한 수준의 흑자가 나는 거 같아.
그때까지는"
522,E69, 그런데 지금 보니깐 그거 때문에 내가 <unk>네한테 혼나서 그걸 어떻게 해! 내가 그건 아니야라고 말했잖아! 난 너를 좋아하고 있으니깐. 그거
523,E61, 그리고 내가 응원을 하는 건 정말 내가 좋아하는 거고 내가 하는 걸 보면 그건 내가 하는 것 같은 느낌. 그래서 그게 참 좋아하고 응원은 하고 싶은 거
524,E62," 그리고 난 지금 이 순간, 난 그 순간이 가장 행복한 순간이라고 믿고 있는걸세! 난 이 모든 걸 잊었거든!
난 이제 그 모든 게 다 잊고 있잖소? 내가 지금 그"
525,E63," 난 지금 당신에게 있어. 그게 당신이라는 사실을. 그리고 내가 지금 하고 싶은 일이 있어?
그렇지만 난 내일이면 다시 한 걸음 나아갈게! 그걸 위해서! 당신."
526,E64," 그래서 나는 그게 제일 좋았던 게 뭐가 있을 거 같은가요?""
그가 말했다.
그는 고개를 저어댔고 그 말을 듣는 것만으로도 나는 그의 마음을 읽을"
527,E65, 내가 작가님을 만난 것은 처음이지. 그런데 내가 왜 그게 <unk>가 좋아하는 작가님이시라고 생각하나봐요. 아 그래. 내가 봤는데 그분이
528,E69," 그러지 않으면 내년에 결혼하고 아이를 낳아 키우며 살 수 없다!!!!
이건 내가 정말 해야 하는 일이라고!!
아니, 그걸 어떻게 해야"
529,E60, 그래서 오늘은 아빤 내일 아침에 화장품으로 바꿔드릴까요? 네? 어. 저는 어. 어어 오늘
530,E62," 우리 가족들은 비밀이 있어.""
그녀가 고개를 저으면서 말했을 때 나는 고개를 갸우뚱거리며 대답했다.
나는 그 말을 믿지 못했다.
""우리들은 우리를 위해 비밀로 만들어졌지.""
내가 말을 꺼낼 때"
531,E65," 그건 내 잘못이지. 엄마 아빤 나를 위해서도 뭔가가 필요하다는 생각을 해?""
""내가 왜 그렇게 칭찬을 해? 그걸로 내가 원하는 거니까.""
나는 대답할 말이 없어.
"
532,E67," 그건 그걸 내가 다 알 거 아니겠냐. 내가 그게 다 알고 있는데 내가 너에게 말하려고 그랬지.""
""내가 그거 알아요.""
""그거 알고 싶으면 말해. 너가"
533,E68," ᄏ""
이제부터 내가 놀고 싶을 때
#유모차로_서울역공원
이번주엔 서울랜드에 가기로 결정!
이번에 놀"
534,E60,"그렇게 말했을 때,그런 식으로 내가 할 수 있다는 것을 알고는 정말 미워서 울음을 그치지 않아요.""
아이가 말을 꺼냈"
535,E63," ᄏ
이번에도 또 다른 분은
이번에는 #미소천사 까지 왔다죠~~
<unk>미소가 예쁜분들이 많으신듯~
<unk>이번에"
536,E60," 그건 나중에 다시 받을 수도 있어""라고 했다.
김 대표와 함께 일했던 박모(48·경기 수원 장안)씨는 ""이렇게 돈을 받은 사람이 한 사람도 없더라""는 김 씨의 증언을 떠올리고 ""이번"
537,E61, 이번에 국민연금 가입자가 된지 얼마 되지 않아. 이럴 때는 국민연금도 잘 가입해야 돼요. 그거 다 가입해서 국민연금 받는 것도 중요하잖습니까? 그럼요. 국민연금에 대해서 좀 더 잘
538,E63," 아까 그 얘기는 내가 괜스레 그런 걸 얘기가 나오잖나?""
나는 그렇게 대답하고는 그 말을 듣고서야 내가 그게 뭐라고 하는 것인지 알았다.
""아니, 내가 뭐가 <unk>"
539,E66, 그래서 이제 어르신이 이제 뭐 뭐 이제 뭐 뭐 이렇게 해서 이제 어머님들께 이제 그 이제 어르신에게 뭐 이렇게
540,E62, 내가 중학교 때부터 좋아했던 친구. 근까 이 친구를 내가 중학교에 입학한 이후로 좋아해 왔어. 근데 이 친구를 내가
541,E68," 그리고 나중 <unk>니까 괜시리 괜시 안 좋아요 ᄏ.ᄏᄏ
그래, 뭔지 알았어.
근처 카페에서 저녁식사를 한 거"
542,E69, 그래서 병들면 병원에 가고 병원 가서 치료를 받거든. 그래 가지고 그거 가지고도 그거를 또 잘 해 가지고. 그래 가지고 내가 이제 병원도 가보고. 그래
543,E63, 그땐 정말이지 기분이 정말 안 좋은 상태였는데 그 때 갑자기 갑자기 기침이 나와 기분이 너무 좋지 않았지. 그런데 이제 기침이 조금은 완화되는 기분이야? 아~ 그래?
544,E64," 그리고 우리도 할아버지가 할머니라고 말하길 그게 무슨 의미냐? 네, 할아버지, 그거 그게 그 할머니 할아버지라는 게 아니라 할머니가 할머니라고 했잖아요. 할머니"
545,E66, 내가 왜 그거 못 알아먹을 수가 있나. 이게 무슨 짓이죠? 내가 이번에 그~ 그니까 우리 그니까 우리한테 이제 이거 어떻게 하든지 이~
546,E68," 그~ 저는 지금 그게 좀 뭐냐고 물어보고 있더라.
네. 근데 이제 그거 때문에 이제 뭐냐하면 이~ 뭐야 이거는 이제 저희가 이제"
547,E62," 그건 우리 회사가 잘 운용하는 게 아니니까. 그래서 그런지 다른 회사에 투자하고 있는 거예요?
우리 회사가 투자하는 건 아니고요.
그런데"
548,E64, 하지만 그 보람을 다 누려보지는 못했을 거다. 하지만 나는 내가 하는 일의 소중함을 알고 있어. 하지만 나보다 더 소중한 사람들이 있어! 나에게는 그만한 이유가 있지. 그
549,E68," 그리고 내가 지금 하고있는 일은 앞으로 내가 더 잘 살도록 도와줘서. 그거야말로 내 인생을 책임져주는 것 아닌가.""
""그래"
550,E69," 하지만 내가 지금 이대로 가면 정말 후회할 것 같고.
이제부터는 이대로 가면 정말 내가 더 큰일 날 것만 같아..
그래도 이걸 좀 해"
551,E60," 내 말대로라면 우리 가족들이 건강해야 해""라고 했다.
한편, 이 씨는 ""지금은 내 나이인데 내년엔 좀 건강해지지 않겠니? 내년이면 건강해질 수 있겠"
552,E62," 그분들의 마음 속에 내가 있는 것만으로도 충분하니까 말이에요, 그분이 내 곁에 있는 것만으로도.""
이제야 그녀는 내 마음을 알아차린 것처럼 내 얼굴을 보았다.
이렇게 말하고 싶었던 것은 그녀의 얼굴이"
553,E67," 오늘 하루 쉬고 싶어서..
그럼, 오늘 저녁 7시부터 9시까지. <unk>가.
그래, 너, 우리 집에 가서 놀자고 했지?.
근디, 왜 그래?
"
554,E60," 암에 걸리지 않았으면 좋겠다고 생각하니 마음이 편해지지.""
이미 그녀는 자신의 몸을 깨끗이 닦아낸 후로 더는 아무 말도 하지"
555,E65," 그게 아니라면. 내가 그 정도야? 그거 뭐지? 그~ 암 덩어리가 너무 많이 나왔잖아, 그래서.""
이미 암이 많이 나와 있어"
556,E66," 내 딸 내일이면 또 내일이라도 나처럼 살면 될 텐데, 난 걱정 없어.""
그렇게 말하며 내 손을 잡고 있는 나 자신을 바라보며"
557,E67, 그건 그렇잖니? 아~ 아~ 감사해요 아까 우리 엄마한데 네~ 그~ 저~ 우리 저희 어머니하고 같이 네네~ 네네예
558,E68," 이왕이면, 내일 아침 일찍 꼭 건강하길 바란다”고 말했다.
김 씨는 이어 “이런저렇고 복잡한 일상 속에서도 건강관리를 잘 하는 게 좋다”는 조언과 “이럴"
559,E69," 그래.
이거야 뭐? 그게 아니라 뭐. 그게 뭐지.
뭐? 아까 뭐~ 우리 이제 이케 그 얘기는 했"
560,E64, 그래서 내가 좋아하는 운동화를 샀는데 그때는 그 운동화도 별로 좋지 않았어! 그때는 그걸로 충분했는데 그때부터는 그때는 그냥 <unk>가 좋아하지 않는 걸까
561,E65,"""
이번 주말에 또 한번 건강검진 받을 계획이라고 했다.
그때는 건강상태가 너무 좋아져서, 그걸 가지고 내가 건강검사를"
562,E67, 그~ 저~ 그거 좀 봐줘서 고런 걸로. 근까 그거 그거는 건강하다고 하면 안 되고 그냥 건강하지
563,E60," ᄏᄏᄏᄏ""
이제 뽀롱뽀로 ᄏᄏᄏᄏ.
#포토존#pomerofin#フラーヒ "
564,E63," 그리고 난 그 여행의 기억들을 더듬으며 내가 어떤 사람이고 왜 그 사람한테 이런 여행을 허락했는지, 그리고 나는 왜 그 사람 때문에 이토록 괴로울 수밖에 없게 되었는지를 알게 되었네. 나는 내가 왜 이"
565,E64," 그게 다 내가 다 했잖나.
그렇게 얘기가 되네. 근데 이번에 우리 아들이 일등은 했지만 이~ 일등은 아니었잖아요.
그니까 우리 딸이 그"
566,E62, 그러기 때문에 형도 그~ 저도 형한테 그거 얘기가 나오더군요. 그래서 그 얘기를 했어? 형은 형이 뭐가 잘못됐냐면은 형은
567,E62,"""
나는 고개를 저었어.
엄마, 나랑 같은 학교 친구인데도 불구하고 나는 그 학교에 다닐 생각이 없었거든. 그"
568,E63,"""
나는 다시 말했다.
이제부터 내 마음속에서 그 폭풍이 불게 된 것이다.
이번에는 그 바람이 내게 불고 있었다.
이번만은 내가 폭풍을 타고 있는 것 같은 느낌도 들지 않았다.
그러나 내"
569,E66,"""
그들은 모두 한 마디 말도 하지 않고 그저 침묵을 지키면서 교실로 들어섰다.
교실에 있던 아이들이 일제히 교문을 열고 들어왔다.
그들의 모습은 마치 교실에 들어온 듯한 기분이 들게 했다.
""선생님"
570,E68," 내가 널 사랑하니까.
내가 널 사랑하는 이유는 너를 위해서지.
너에게 사랑받을 수만 있으면 좋겠지만 널 사랑하는 것은 너가 나를 사랑한다는 증거잖니"
571,E60, 하지만 난 지금껏 내가 해본 것 중에 가장 잘한 것 중 하나였지 뭐야! 그 정도라면 그걸로도 만족스러운 대학생활을 해보고 싶은 욕망이 있잖어. 난 지금
572,E61," 내가 용돈을 더 주려고 했지?""
그 말에 나는 깜짝놀랐어요.
""그렇다면 내가 용돈의 반을 주겠다고 했는데 왜 그걸 거절해야 하나.""
아내는"
573,E62," 그래서 이게 뭐야. 이게 뭘 의미하는 거니.
아까 그게 <unk>냐고 물어보시더니 이~ 그까 그게 <unk>니까 이게 그게 이거"
574,E64,"""라거나 ""예쁜 외모로 유명한 연예인 부부가 살고 싶다""거나 ""이제부터 저도 결혼을 준비하게 됐다""는 등의 반응을 보이기도 했다. 가수 김혜수와 김"
575,E65," 그걸 다 다 합칠려고 하냐면 집값이 많이 오른 게 아니잖나? 그런데 왜 집값을 안 잡나 봐.
아까는 내가 지금 그 집값이"
576,E62," 하지만 난 이미 오래전에 연락을 했어요. 그리고 내겐 이미 그 사실을 알게 되어있었어. 내가 왜 연락을 끊을 생각을 하는지를 모르겠어.""
나는 잠시 말을"
577,E65," 하지만 그런 거 없이 혼자 살겠다고 생각해서 그러고 있나봐?
나 때문에 그렇게 됐어.
그래? 그거야. 나 지금 이게 뭐라고 했는지 알아. 알잖아?
그거 말고는 아무"
578,E66," 하지만 그게 아니라면 내가 뭘 원하는지도 모르는 게. 난 내일도 괜스레 기분을 상하는 게 아니야. 그걸 왜 알았을까? 난 그런 건 상관없어.
난 그저 내 말을"
579,E69," 하지만 이런 증상이 심해지면 만성 질환에 빠지거나 만성 간염, 당뇨병을 비롯한 합병증이 나타날 위험이 있어 조심해. 당뇨병이 심해지면 혈당 수치가 높아지고,"
580,E69," 그건 내가 책임져. 그리고 나는 그게 책임질게.""
나는 고개를 흔들며 고개를 숙인 채 말을 잇지는 못하지만 그렇다고 내가 밉게 보일지 모르겠다고 생각했다.
그러나 내가 그렇게 생각하지는 않는다는 사실을"
581,E65," 너만 너무 힘들었어.""
""그렇게 힘들었을 줄 몰랐는데 왜 나만 그렇게 힘들게 하는 건데요. 나만 너무 힘들었을 뿐이지, 왜 그렇게"
582,E66,"""
그런가 하면, 그는 자신의 집이 너무너무도 아름답다는 말을 듣고도 전혀 신경이 쓰지 않았다.
그는 ""아직까지 그런 생각은 하지 못했으니"
583,E61, 하지만 내가 너무 미워서 내가 병원에 입원한 거예요. 그래서 병원에 가서 검사를 받았는데 검사결과 이상하다는 진단을 받았고 결국 내가 다시 입원할 때까지 기다리지 않고 퇴원
584,E66," 하지만 이 세상에서 가장 무서운 것이 죽음이라는 걸 알고 있으니.""
이윽고 그는 자신의 앞에 나타난 두 개의 눈을 향해 손을 내밀고 말했다.
그는 고개를 끄떡이며 말했다.
그는 고개를 끄떡이면서 이렇게 말하고는, 자신의"
585,E68," 아이고! 아, 진짜 진짜 너무 행복했네. 어서 빨리 결혼해야겠어.""
""결혼은 정말 잘 됐어?""
그녀가"
586,E67," 아, 그렇구나.
아까는 안경을 쓴 거야.""
""어디야? 안경은 안 썼니.""
그렇게 말하고는 고개를 숙인 후 고개를 돌렸지만 여전히 안경을 벗지 않은 채 서"
587,E61," 그건 내 마음이고 그게 내 마음이니까.""
아이가 말했다.
""그렇지만 내"
588,E67," 혹도 다치지 않고 다 낫을 건데, 왜 다치지 않고 계속 검진으로만 검진이 계속 되나? 검진이 잘 되는 거 아닌가.""
아무런 대답"
589,E68," 그건 넌 내일 아침 일찍 집에 와야겠구나.""
그렇게 말한 뒤 그는 집으로 돌아와 잠든 아들에게 말했다.
""너, 너희 엄마가 오늘 밤 일찍 오라고 해라."
590,E66," 근디 언니를 보면 언니는 정말 좋은 거 같더라고 그래서 같이 해 줄려고 해.""
나는 씩씩거리며 따라나섰다. 고마워서"
591,E68," 그래서 요양보호사를 고용했지 뭐~ 요양원 같은데 그거야 요양병원인데 어<unk>어?
그냥 그~ 요양병원 같은 거는 요양원이 아니거든요.
어~"
592,E65," 그건 아니야! 어휴. 어떡하지?
이제 와서 그걸 왜 물어? 내가 무슨 일을 했지!
내가 어떻게 그걸 알고 있어!
그"
593,E67," 시험이 끝난 다음에야 알게 됐어!""
이미지 컬러링을 보고 난 후,
그런 생각을 했어.
""이건 내 스타일일 수도 있구나, 이"
594,E69," 그래서 엄마는 그 친구랑 함께 있는 걸. 엄마와 내가 같이 있을 리는 없고.
그래. 그래서 그 친구에 대해서 잘 알지 못해.
그래도 내가 너한테"
595,E63," 친구들은 항상 나를 잘 따라와.""
친구의 이야기를 들어보면 그건 너무 재미없고 짜증나.
그건 정말 너무 싫었다.
그건 너무 짜증을 냈다.
친구를 잘 따르는 게"
596,E67," 내 말 들으면서 내가 뭔데 아픈가 싶었는데. 뭔지 모르게 아픈 게 있어? 나, 내 말 듣는데?"
597,E62," 이게 바로 이게 지금 현재 우리가 하고 있는, 우리가 지금 우리가 지금 이 상황을 타개하기 위해서 하는 게 아니라 우리가 앞으로 해야 하는 건 뭐든지 할 수 있는 거잖아?
이렇게"
598,E66," 내 인생에 가장 행복해.
난 지금 너무 바빠서 내일부터 출근해서 내일부터 퇴근은 안하고..
내일이 생일인데 생일날이라"
599,E69," 우리끼리 잘 살아서 우리 가족이 행복한 거니까.""
이제까지 내가 짊어지고 간 모든 짐은 다 놔두고, 우리 가족은 이제"
