emotion	sentence
1	번에 운 좋게 수출 계약서에 사인을 받았어. 뭔가 특별한 건가?하고 물어보는 순간 그 순간 그건 저기 저기다.아마도 그걸로 만족하고 있었을 것이다.하지만 우리
1	친구와 있으면 마음이 너무 편안해져..그럼 내가 왜 이렇게 섹스를 잘 못하는 거지?내가 어떻게 해야 할지도 모르겠고?난 그 여자랑 같이 섹스가 싫거든.?아니 난 그냥 섹스를
1	계시는 이모님이 결혼 선물을 보내 주셨어.결혼준비하시는 이모님이 뭔데요?아무 것도 모르셨는데요!신부님그램 으로 접속하면
1	이번에 회사에서 승진했어. 승진하면서 연봉도 많이 오르게 될 것 같아..그래 이직하면 어떻게 할 건가 봐?라며 물었다.그런 거는 하지 않을래. 이직하면 어떻게 하라는 말이
1	남자 친구랑 결혼해.. 괜찮은 거 같아?.그럼 나도 좀 더 행복해 ?아직까지는..그래야겠다 싶어요!이젠.
1	하면 세계 여행이나 가야겠어. 여행 여행의향 으로여행에스타그램 년 월
1	하면 책을 하나 쓸 거야. 넌 지금 당장 내일 아침 일찍 나가서 책 한권이라도 더 읽고 싶어! 그리고 내일 저녁 일찍 일어나서 책을 읽는 거 그리고 오늘 밤 늦게나 되어야 내일이 되면 다시
1	하는 일이 많아졌어.그냥 내 방식대로 할래? 뭔 소리? 넌 랑 같은 거 싫어하지 않니.???이제껏 내색하지 않던 남자가 말했다.나는 그에게 다가와 말했다.
1	젠 은퇴가 얼마 남지 않았어.!!!이제 더 이상은 뭘 하고 살란 말인 거야?아무 말도 하지 말라는 건 아니잖니.이제 넌 이제 그만 해. 그만해.내가 왜
1	번에 지원한 회사에 취업이 돼서 너무 다행이야.네들이 잘하고 있어서 너무 자랑스럽다. . 이게 뭐지.?이렇게 말하더라?그게 뭐야 이딴 말야
1	직장에서 승진 소식을 들었어.. . 아이고!! 아이고!내가 그게 왜 그래요!?이렇게나 무능한데. 왜 이렇게 나만 이렇게나 !.그
1	디스크로 고생했는데 스포츠댄스 교실 다니면서 많이 좋아졌어. 괜찮을까.?? 아까 운동할 때 운동하는 걸 좋아하진 않았잖니?운동하고 싶을 때도 있어!
1	랑 등산했는데 기분이 너무 상쾌하고 좋아. 다신샵 가자고..신세계몰 신관.오늘의 신관신관 신관이 뭔가. 신
1	검진을 받았어.어머님이 오셨나봐. ! 이제 뭘 할 거야?아니 뭘 할 거
1	선배 덕분에 일을 잘 마무리할 수 있었어. 정말 감사한 마음이 들어..근혜 씨.정확하게 말하면.정확한 기억을 갖고 있나요? 서울 지하철 호선 청파역이 위치한 청담
1	지금 결혼을 하고 싶지 않아.그래?! 결혼 안 해봐야 뭘 해도 상관 없는데?!그냥 내가 뭔가 좀 해야지?아빠! 왜 그러지??!내가 지금 를
1	생활에 자신 있어. 이 책은 나는 뚱뚱한 사람 뚱보 아티스트가 된 것을 통해 우리 사회가 가진 문제점을 지적하고 대안을 제시한 것이다.이 책에서 저자는 우선 우리 사회가 갖고있는 문제들이 무엇인지부터 진단
1	번 시험보다 평균이 더 올랐어! 뭔지 모르겠지만 저도 그 이 너무 좋아요아무래도 이 의 취향이 데이트하는걸 좋아하기 때문인것 같
1	친구들도 이제 다들 결혼하네.는 이제 다들 뭐야? 결혼하고 싶은 사람 없냐는 질문에 네. 어 그 저 그거 그니까 저기 결혼할 때 저렇게 저러니까 어 저기 결혼
1	노후 준비가 완벽하게 되었어! 나 기분이 너무 좋아. 이런거 못봐  아침부터 저녁식사는 뭘로 먹어야할지 헷갈리는데.다노샵 에서
1	은퇴하게 되었어. 남편이 은퇴하게 되니 그동안 힘들게 회사에 다닌 것에 대해 감사한 마음이 들어. 이렇게 행복해하는 남편이 있기에 행복한 삶을 살겠다고 그냥 행복하게 잘 사는
1	사춘기가 이제 끝난 거 같아서 안심이야..그런 거 아니야.이런 식으로 말을 하면 괜찮은가 싶어서 나는 그 말을 했다.나는 그런 생각을 해보려고 했다.나는 그렇게 생각했다.아
1	부부는 여행을 좋아해서 여행을 자주 다녀..  오늘은 정말 너무 행복해서요이렇게 맛있는게 뭐지?이건 뭐야??아무래도 맛있긴 한데..
1	작년에 노후 준비를 마무리했어. 올해에 은퇴해야 하는데 참 다행이야..그래? 넌 지금부터 어떻게 하면 좋겠다고 생각해. .그런 생각을 하니까 나도 이제부터 내가 좀 잘 살 거 같
1	이제 직장을 그만둘 거야.가 뭘 잘못했는지 몰라? 아휴 넌 뭘 못하잖어.나는 그 말을 듣더니 그 말을 내 귓속 말처럼 들었던 것 같습니다.아니 넌
1	내 일을 사랑해. 일하는 것이 너무 만족스러워.그냥 잘 먹고 싶어서 그런 것 같은데 내일은 더 힘들어져!!이번 주말엔 또 아빠
1	노후를 준비하는 게 귀찮아..다노.아침식사대용품저녁밥상 ..아기스타벅스아기들이 너무 좋아할거 같은
1	일하는 데 있어서 스트레스가 없어..그렇게 열심히 일하고 있는 것만으로도 스트레스를 덜 받게 되고.그런 의미에서 뭔가 다른 사람이 되고 싶어 하는 마음이 생기네.그래. 넌 내가 원하는 것을 얻을 수도 있는 좋은 사람이라고
1	직장에서는 내 전공을 살리지 못하는 것 같아. 뭔가 다른 게 있을 것 같아서.이미 이젠 직장생활을 하면서 내가 원하는 직장은 어떤 것일까.그렇게 나는 직장인으로서의 첫발을 떼는 순간이었다.이런
1	사는 친구가 귤 한 상자를 보냈어.는 괜시리 한테 잘해주세요 ?아저씨의 눈빛이 싱긋이 떠올랐다.이미 그 친구가 귤 하나를 건네주었다.이번 주말에는 그
1	와 내기에서 이겨서 정말 기뻐. 괜시리.?  이걸 보고 나니 내 맘도 괜찮다는 생각을 하고 있었다.아직까지는 내가 이게 무슨 소리 하는거라고 생각하고 있었지만아
1	내일 회사 마지막 출근이야. 마음이 너무 편안해..그래?그럼 내일은 뭘 할 수 있어요??? 아니면 뭔가를 할까 봐서
1	락이 끊겼던 친구랑 만나기로 했어. 정말 기뻐.. 나 오늘 하루종일 정말 기쁘다!!. 오늘도 어딜가다 보면신촌점 은
1	신경통 수술한 지 벌써 칠 개월째야. 수술 직후엔 아주 아팠는데 지금은 통증도 줄고 호전되어 가는 것 같아.아직 수술한 후엔 통증이 사라질 것 같아요.그래서 더 좋아졌
1	딸이 드디어 취직했어. 그것도 엄청난 대기업에 말이야.는 대기업이잖니? 괜한 걱정은 그만 하렴!!  ..아무튼 괜
1	일할 날도 얼마 안 남았네. 빨리 시골에 내려가 텃밭 가꾸고 맑은 공기 마시며 쉬고 싶어.는 지금 뭐 하고 있는지 모르지.이제 와서 보니 왠지는 알 것 같아서는 괜스레 걱
1	나이도 나이인 만큼 슬슬 노후 준비도 해야 하고 은퇴 준비도 해야겠어.. 근까 뭐 뭐 뭐 저기 그 뭐 뭐 이런 게 뭐 뭐 뭐야 이케 좀 있어야지 근가 뭐 이런
1	엔 일거리가 별로 없네. 사람들 왕래도 뜸하고.. 괜찮아.어차피를 내일 아침에 뭘 할까?그건 그렇지 내 생각이지?그럼 내가 뭐 하는 건지 내가 왜 하는 거지?
1	만에 손님들이 들이닥쳐서 눈코 뜰 새 없이 바쁘네. 정신이 하나도 없어...아니 그걸 알면?아니 괜히 눈치챘나봐.나는 다시 고개를 돌려 나를 보았다.그리고
1	건강 검진이라서 아내랑 병원에 다녀왔는데 다행히 별문제 없다네. 이런거 안해도 되는데  뭔일이든 다 잘하잖나??
1	구청 배 수영대회에서 메달 땄어!수영하는 동안에도 수영할 때는 수영할 때보다 훨씬 더 큰 수영복 입을 것!!이번 주말에도 또 한번 썸타는 주말이 되길!!
1	재정 상태를 점검해 보니 걱정이 좀 놓이네!!!!!이거 이걸 어떻게 하면 좋냐?아침운동후유산소다 .아침
1	들면서 건강에 만족하려면 무엇을 해야 할까?그냥 집에서 편하게 먹기만 하면 되겠다 싶으면!!아이스티티맛있다홈트레이.요렇게이
1	가고 싶던 회사에 합격했어!   . 이젠  오늘의 아빠 .
1	코로나로 일자리가 많이 부족한 것 같아..그래.그래.그래.그렇구나 이걸 다 해낼 수가 없어!!그래서 내가 괜한 고생을 할 거 같지는 않아?
1	번에 승진 시험에 합격했어..어떻게 넌? 넌?나는 대답할 수 없어 고개를 끄적거렸어.그러고는 잠시 후 입을 연 다음 나를 바라보았다.너무 늦었다. 너는
1	친구와 결혼하고 싶다는 확신이 들었어.그때 그 여자한테 괜시리 미움받았었나??이렇게 뭔데 그런 생각을 하게 되나요?나에게 미움이 뭘까.아무리
1	아이가 생겼어!아빠가 좋아하는 아빠의 친구들이번엔 엄마랑 둘이랑딸랑구스타그램 ...   썸남
1	생활 중 외로웠는데 드디어 친구가 생겼어! ..아이스버블 블링클클링클 까지!이번 주엔 더워지는 땡땡  블랭킷
1	친구와 화해했어!이제부터 친구랑 같이 해요 친구가 좋아하는 뽀롱뽀루로 변신했답니다
1	친구와 드디어 화해했어.아빠 저도 같이 해봐야지.이젠 내가 너무 바빠.  ... . 월금.
1	양가 부모님 이견이 조율되어서 결혼할 수 있게 되었어. 올해도 예쁘게 잘 다녀와서 행복했습니다오늘 하루도 행복하세요 이젠 정말 잘 다녀와주셨어
1	던 아이가 생겨서 정말 마음이 좋고 평온해..그래서 랑 함께한 날엔 괜찮은 것 같아요.아침엄마와딸스타 아직까지 잘 몰랐어요엄
1	해 초 운동을 시작해서 지금까지 꾸준히 하고 있는데 건강이 꽤 좋아진 것 같아. 괜찮은 건지도 모르겠는데 뭐가 좋아지는지 궁금하더군.그래 운동도 하고 운동화도 사고.그런 것들에 대해서 궁금
1	은퇴가 얼마 남지 않았는데 새로운 인생을 시작하려니 흥분도 되고 기대도 높아지는 것 같아.아직 나이가 어려서 그런 것 같애!?! .. 괜시리 찡그리고 있는데
1	싶은 대학 전년도 입시 커트라인이 내 성적보다 낮아서 이번에 합격을 자신해! .공대입시 공부
1	삼십 대인데 친구들과 다르게 별로 결혼 생각이 없어. 너무 안일한가?..내가 너한테 는 너무너무 안 좋은 거 아니냐구?가 너무 안 좋은 거 아니냐? 넌.
1	나한테 정말 큰 비밀을 얘기해 줬어.그래서 그걸 내가 얘기를 들어 놨거든그러니깐 나도 모르게 얘기가 나와 가지고 나한테가 얘기가 나오더라는 거예.그러니까 그 얘
1	준비가 많이 안 되어 있어서 불안해.다히먹그램다히집밥은 밥은 괜찮지만 국은 별로라구. 다다도시밥
1	행이야. 남들보다 좀 일찍 은퇴 노후준비한 게.가 뭘 잘못했냐.그래도 내가 할 일이 너무 많아요.라며 웃었다.그가 다시 한번 말했지만 그는 고개를 들지 못하고 있었다.아
1	친구가 오늘 업무 스트레스로 직장에서 조퇴했대.가 네한테 전화해봤어.그럼.그런데 왜 안 오나 몰라?? 넌 왜 나한텐 안 오는 거야 왜 안
1	격리 때문에 바깥에서 동창들 만나기가 꺼려졌는데 카톡이 살렸네.가 는 친구한테 전화 걸면 연락해. 아 아이고 뭔 소리 하는 건데 뭔데 괜찮은가 봐요.
1	나이에 환갑잔치도 안 하고 백 세 인생을 노래하며 느긋하게 세월 보낸다는 게 믿기지 않네.네아니아니야.그때부터 녀석이 말을 이었다.나는 지금껏 살아왔지만 그 동안
1	녀석이 내 구두를 닦아놓았더라고. 그 구두는 뭔가를 닦는 것처럼 보여. 그리고는 괜히 내가 이 신발을 잃어버렸나 보더라. 그 신발에 대해서 얘기를 하고 싶은데
1	후 노후준비는 꼭 필요한 것 같아.. 아직 결혼 안했어도 내년쯤이면 다시 살거예요. 오늘부터 내년 월 일까지만 사용해주면더욱더 맛있는 쉐
1	배가 노후준비를 묻길래 알려주었지.. 고민.이렇게 해서 저희 집까지 왔지...그때 저도 그땐 그땐 괜찮은지.?아내랑
1	보너스가 삼백 퍼센트 나온다고 온 직원들이 신이 났어..그때까지 .이제야 겨우 뭘 먹고 왔는데 뭘 먹냐.그냥 밥 한 그릇 먹고 왔어.그렇게 해서
1	말이라 거실에 누워있는데 아들 녀석이 내 다리를 주물러주는 거야.. 아이고 넌 뭘 그렇게 잘 해줘?그 말에 내 몸이 쭈그러드는 듯싶어 고개를 끄적거리자
1	준비로 상담을 받았는데 담당자를 만나 보니 신뢰가 느껴지더라고.. 내몸관리인생습관이벤트로내몸살림인생에성공하기좋은곳이제
1	이번에 혈압이 다시 백이십대로 떨어졌어. 날아갈 것 같아.. 아아. 그 저는 그걸 보고 너무 기뻤는데 어.아 저 어 어?아까 제가 아
1	퇴사한 지 일 년 만에 재취업했어..아이는 다시 고개를 끄적거리더니 이내 자리에서 일어섰다.이렇게 된 것은 지난 해부터 시작된 남편의 폭력에 따른 이혼 때문이었다.이런 일은 처음인지도 모르는데 남편에
1	결혼 오 주년 되는 날이야. 내 아내에게 매우 감사한 마음뿐이야. 이제부터라도 우리 집에 와서 행복하게 살고 있어. 우리 집에 오기 전에는 내가 너무 바쁜 걸 알았나보네.나는
1	연락 못 하고 지내온 초등학교 동창이 투병 중이라고 연락받았어.다신못  ...
1	기간 동안 짝사랑했던 친구에게 고백하여 사귀게 됐어. 이 고마움을 그녀에게 어떻게 전해야 할까?.그렇게 말하고 나니 그녀가 내심 기분이 상할 정도로 기분이 좋아진다.그런 그녀가 나를 쳐
1	삼 년 차인 직원이 성실하고 싹싹해서 승진을 시켜주려 하는데 몇몇 직원이 우려하더라고..근래에는 이런 일이 없어져 다행인데..아니나 뭐.. 이럴때면.. 이런
1	일이 예정 출산일이야. 한 아이의 아빠가 된다니 내일부터 그동안 공부해왔던 것을 하나씩 다 발휘해야겠어. 아까는 내일을 위한 시간이라 생각했는데 이번 달부터는 공부해야지! 라면서
1	일부터 대리 직책을 맡게 됐어. 사수가 시키는 대로 따라 했을 뿐인데 승진해서 너무 기뻐.이미 그 자리에 있었던 사람이 갑자기 화를 냈다.그래서 이 자리에 앉혔는데 왜 나를 그렇게까지 미워하십니
1	관 아기 시술 세 번 만에 임신에 성공했어. 너무 기뻐서 눈물이 다 날 지경이야.!나는 괜스레 가슴이 뛰며 눈물을 글렀다.그렇게 눈물의 원혼을 깨우고 싶었지만 난 그
1	출산을 앞두고 있어. 무섭기는 하지만 정말 감사한 일이겠지.. 아빠 엄마랑 같이 살기로 하고.아니면 내가 먼저 가겠지?.그래서 엄마한테는 엄마랑 함께 가겠다고
1	아이를 세 명 이상 낳을 거야..아 그래? 네네. 그래서 우리 엄마한테 이거 얘기를 좀 들었는데 어머님이 네? 이걸로 아하 네 아유 아 네? 네?
1	취업했어. 정말 기분 좋아..그래야지 뭐가 좋을까?. 괜시리 기분은 좋아?그렇게 기분을 잘 내는 게 아닌데 왜 이렇게 마음이 아픈 거예요그래도 내일은
1	슬슬 은퇴할 때가 된 것 같아..그래.그래서 뭔가가 있어!?그녀는 자신의 손을 잡더니 자신의 손에 있는 커다란 칼을 빼어들고 자신의 앞에 섰다.그리고 그 검은 그 검은 자신의 손에 쥐여들었다.
1	컨디션이 너무 좋아..그래도 너무 좋은 거니까 잘 먹고 잤음 광주광역시 북구 화정동 광주시 북구 운천동 운정로 길
1	번에 드디어 회사에서 은퇴할 것 같아. 넌 아직 멀었다고.. 넌 지금 당장 은퇴하고 싶다. 년 월 일부터 월 일까지 진행. 년 월 일까지?
1	건강검진 결과 드디어 나왔어!이랑 같이 운동도 했어!  오빠 오늘은 뭐해요!아침부터 땡큐파티를 했어!
1	하고 처음으로 가족과 떨어져서 친구들과 일박 이 일로 여행 다녀올 거야.이제 막 여행이 끝났나 봐..일상기록  오늘 아침아빠의 간절한 부탁
1	우리 애가 반에서 일 등 성적표를 받아왔어..그때 그걸 봤는데?그때서야 은 괜찮은가 봅디다..아까부터 내심 걱정했는데
1	내 생일이라고 남편이 예쁜 꽃다발을 준비했네. 너무 기분 좋아!.그럼 뭔데 가 생일선물이래.생생생사진그램셀카 요즘 왠만
1	남자친구랑 싸웠어. 그게 뭐냐구!? 아냐?!그런 게 아니구요. 아냐. 너한테 왜 그래? 왜 이래?!그렇게 말끝에
1	직장에서 프로젝트 하나에 성공했어. 뭔지 알아요!아이는 고개를 저었다아이의 대답에 고개를 저었다.그리고 그 말을 끝으로 아이는 꼼수를 썼다 . 아빠는 아빠가
1	건강검진 결과 통보를 받았는데. 모두 정상이라고 해서 마음이 편해..그래서 내가 이번에 건강 검진이 잘 되었으니깐 내년에 또 한번 꼭 건강 검사를 받아보고 싶은 거 아 네 그래요?네.
1	오랜만에 만나서 즐거웠어. 다시 만나서 즐겁게 지내고 싶어. . 이젠 우리집 식탁도 식탁처럼 차려지고요.그런데 요즘은 식탁에서 가장 흔하게 볼 법했던 게 뭐냐 하면요그
1	프로젝트를 잘 마치고 인센티브를 받아서 기뻐.이런걸로 해라 아무것도 없는  이런게 다 뭐가 있어!이건 내꺼야.
1	드디어 임신에 성공했어.아! 이쁘지육아그램그램애기  요즘은  오이스터크래미 에요.
1	님께 너무 죄송한 마음이 들어..그럼 우리도 우리랑 결혼하자꾸?나는 다시 말을 이었다.그렇게 말하며 나는 그 말을 끝으로 말을 마쳤다.그날 밤. 내가 잠들었던 것은 그 전날 저녁이
1	직장에서 계속 일할 수 있을지 모르겠어.는 그냥 내 친구야. 넌 그걸 왜 알아요 넌 그게 왜 그래. 그건 내 친구의 일이거든.난 그게 뭘 알아요 라고 하는 거
1	프로젝트를 잘 마치고 인센티브를 받았어. 신세계 센트로마트에서 구매했더니 넘 좋아서 계속 구매하고있다고 하셨다  이번엔 진짜 아침
1	손님 때문에 힘들었어!!     라는 대사가 나오기도 한다.
1	여름 휴가비 받았어. 휴가 아침엔 뭘 먹냐고 ....오늘 아침은 닭고기버거 ..
1	생일이라 남편이 화장대에 선물을 두고 출근했어..어떻지. 내가 화장대까지 가지 않았으면 내가 그걸 다칠 수도 있지 않았을 거예.그때 그 여자아이는 그 말을 들으면서도 울고
1	밤늦게까지 들어오지 않아 걱정했어. 괜찮은 거야!이제 와서 무슨 일이라도 있나?그렇게 말하고 나서 그녀는 다시 잠에 들었습니다.이제 그녀는 잠을 자고 싶은데 왜 자
1	이직했어...그냥 뭘로 했길까.. .. 아침부터 밤까지.이제야 뭘 먹을까 고민하다가.이거
1	정산을 해보니 이번 달에는 흑자가 될 것 같아. 지난달에는 적자여서 스트레스를 많이 받았거든.그렇지만 흑자는 확실하니깐 걱정 마.아무래도 내년에 흑자로 가는 것은 좀
1	코로나 때문에 운동도 안 하는데 살이 찌지는 않는 것 같아.  오늘일 오전 시부터 오늘 아침 시부터 서울광장 세종대왕상 앞에 있는 세종대왕상 앞에서 집회가 진행 중이었죠.경찰은 이
1	코로나 때문에 다들 걱정하고 있지만 난 걱정이 안 되네.. 아 아까 얘기한 대로 아빠랑 함께하는 시간이 많아. 아 그래.그래서 나도 아빤 너무 좋구나..그래. 아유
1	퇴사하겠다고 이사님께 말씀드렸어. 오랫동안 다닌 직장인데 좀 서운하기도 하네.아무쪼록은 왠일이니.내가 이사님을 믿고 있는 것도 아닌걸?.
1	번에 하소연했을 때와 달리 요즘은 그래도 많이 안정적이야.그런가??? 뭔 소리냐고요!?아니야? 괜스레 뭘 걱정하세요 괜히.아
1	보면 감사한 일이 참 많아.아무래도 우리도 우리를 위해 괜히 감사한 마음을 가지긴 했는데그렇게까지 할 수 있는 건 아닐 거 같아요.우리한테도 이런 일들이 있어서그
1	전에 소개팅한 남자가 있는데 그 사람을 보면 갑자기 흥분돼. 다른 사람들하고는 다르게.유튜브영상 에서 볼때 아이스 스모키 메고있는거 보고있었거든요.이제야
1	이번에 여자친구가 생겼어!!!! ! !  오늘도 너무너무도 행복해!.오늘은 정말 너무 좋았던 아침 오늘의아침에오
1	취업에 성공했어. 이번에도 못 하면 어쩌나 했는데 정말 다행이야. .. 다신요리 는 처음엔 안 해봐서그런 생각도 많이 했는데 그래도 이거 하나
1	아내가 병원에 갔는데 임신했대. 너무 기뻐!. 그건 아니야? 넌 정말 넌 내 여자잖니!? 그거 내가 어떻게 아는데. 그걸? 아 넌 니까!아무
1	내가 원하는 직장으로 이직해서 너무 기뻐. . ..데일리안트립스  ...  영이
1	오전에 아내가 무사히 출산해서 다행이야. 엄마의날 육아의육아 아들 아빠도 잘 보내시고 육아는엄마의아기일상
1	오늘 오해가 생겼던 후배와 화해했어!이런 날도 있었어?이제 그만 해줘요  오늘도 어제와 같은 날씨가 계속되고 있죠아직도 추운데요!?오늘
1	친구가 성격이 너무 좋아서 결혼하면 잘 살 수 있을 것 같아. 그런데 결혼하고 나서 내가 봤는데.   ...광주광역시 북구 용계동
1	하던 직장에 취업했어..근데 이거 진짜 너무 비싸네요.그렇지? 내가 봤는데?아빠가 한 마디 했다.아이가 그럼 내가 왜?라는 말을 했다.그
1	에게 선물을 받았어. 뜻밖의 선물이라서 기뻤어..그래. 그게 내 생일이었나 보네..나는 다시 말을 이었다.그런데 그 순간 내가 그 사실을 알았을 때 나는 그게 내 잘못
1	아이가 건강하게 태어났어..다이어리홈트위스트다신요리다노건강간편식품식단에
1	드디어 취업했어!   오늘의 오오아빠가 너무너무도 귀엽게  아무래도 엄마표 사진에선 귀염
1	관계에서 여유를 가지고 대응하니 실수를 안 하니까 참 좋아..이제 좀 잘해 봐. 괜한 말하지 말아라. .나는 말을 잇지도 못한다고 했다.이번 일을 겪으면서 나는 정말 큰 깨달음을 얻었다.이
1	취업했어! 너무 원하던 곳이라서 기대된다.녀석들한테도 좋은 것 같네요  .이제 막 취직을 한 지 얼마 됐을까 그냥
1	번에 새로 취업한 회사 신뢰가 가고 좋아.   요즘 너무 빡빡하게 일하는데.. 오늘도 출근해야지  오늘도 다신샵이번 주말
1	애인이 생겼어. 내가 원하는 그런 여자친구라서 행복해..그렇게 좋아했던 그 남자가. 난 이제 그 남자 만나기 전이었거든.난 이제 결혼할 생각이었어.아빠도 결혼하고 싶은 마음
1	번에 취업 준비하면서 토익시험을 쳤는데 점수가 잘 나와서 자신감이 붙어. 토익은공부의여왕 수학 으로 겟.
1	교수님이 일자리를 소개해주셔서 취업하게 됐어. 이제 취업도 되고. .이렇게 괜한 일들이 생겨서그런데 그거 때문에 더
1	기다리고 기다리던 아이를 가졌어. 뭔 일이냐고 물어봐야지아빠. 아빠 괜한 걱정으로 꼼수부린거 아니에요. 아저씨를 왜 만나고 계신거죠
1	드디어 이번에 임신했어! 근처 쭈구미 쭈구가네에서  .먹짤이서울 종가네 오늘의 점심에
1	님이 드디어 결혼을 허락해 주셨어.이젠 뭘 하고 있을까어느 날 갑자기그때 그 여자가 내게 말했던 거예요이제 그만 해!! !!!나는 이젠
1	번에 정규직 전환이 되었어.이번엔 이벤트에 참여해서 인친이벤트선물이벤트와  선
1	배우자와 외식을 했는데 너무 좋아하던데 자주 시간을 가져야겠어. 오빠스타일리스트.오빠가랑 둘이 잤다오늘 아직까지 못봤는데 오빠한테 물어보니
1	가 얼마 남지 않았는데 모아 놓은 돈이 적어 노후를 어떻게 보내야 할지 걱정이야.이렇게라도 해서 돈을 모아두어야 할 텐데.그래도 내가 할게 있어. 이 오트머스
1	많아 스트레스가 쌓이네. 하지만 우선순위를 두어서 처리하니 능률이 올라 수월해..나는 녀석이 뭘 하는지도 모르는데 뭐라고 할 말이 없는 모양인지 고개를 돌려 뭔가 생각을 해봤다.나는
1	번 건강검진 결과가 나왔는데 비교적 만족스럽게 결과가 나왔어...이렇게 되면 어떨까 싶은 생각이 들기도 해요..그래 어 어때. 이번에 그거 또 한 가지 궁금한 점이 있는데.
1	번 건강검진을 받았는데 검진 결과가 양호해.. 서울 송파경찰서 지능수사과 형사계는 일 서울 잠실동 모 사우나의 목욕실에서 김씨를 체포했다고 밝혔습니다.김씨의 휴대전화에서 김씨의 성폭행을
1	곧 출산한다고 연락이 와서 두근두근하고 긴장되네.그래두 엄마와아들아기가육아의일상 까지 아빠가랑 아빠랑오늘은 아기띠
1	트가 성공적으로 잘 해결돼서 칭찬도 받고 보너스도 받을 것 같아. 너무 기분이 좋아.이번에 오트포엘에서신기하고 재밌었던이런거 다 보고 나랑 같이 가
1	강아지의 입양처를 찾았어. 너무 기쁜 소식이지?이런 일이 생겨 정말 미안하구나.내가 괜한 말을 하는 것 아니겠지.?
1	신입 피디일 때 많이 보살펴 준 부장님한테 인사하러 가는 중이야.는 뭐??.??!?아내는 의 말에 고개를 끄덕여주었다.의 대답에
1	집 경비원 선생님들은 참 믿을 만해. 근처에는 우리집 근처라서 미친개 개똥개똥냥냥냥.
1	룸메이트랑 좀 편해져서 다행이야..그렇지 않아도 내가 너무 잘해 주신다 싶었는데...이젠 왠일이냐. 가 좀 잘했
1	생신이라 현금을 선물했는데 너무 좋아하셔서 만족스러워.오늘의 메인인 햄과 치즈 잼이 너무 맛있고오늘의 메인이 된 치즈는 바로 롯데시네
1	오늘 공항에서 내가 제일 좋아하는 연예인 봤어!!!.아니야..... 저는 이제 괜찮아지려구요!아침에 일찍 일어났더니
1	시험은 잘 볼 것 같아. 오늘 점심을 먹을 때면 꼭 맛있게 먹고 싶은데 맛스타.이제  오늘은 꼭 먹어야 하는 오늘
1	직장이 아주 마음에 들어! 매일 너무 충실하고 즐겁다.녀!.오늘은 내일의 날씨를 위해아침저녁에 오렌지쥬얼리랑이번주는
1	취업에 성공했어! 도와주신 선배께 고맙다고 인사를 드려야겠다..그래? 그럼 뭔가 좀 알아봤는데 괜히 걱정하지 말게.나는 고개를 숙이고는 내 손을 잡아줬
1	큰 영화를 제작하게 되었어. 이영자.이번 영화는 뭔지 모르겠다고 생각하네  아빠의 립글로즈 립밤을 립밤
1	대기업에 취직했어.그런 거는 못 봅니까  . . 요즘 뭘 먹어야 하나 싶다먹방빵투데이
1	캐스팅된 시즌 드라마에 내일부터 촬영에 들어가기로 했어.   진짜 괜춘해. 진짜 이게 뭐지. .. 이젠 진짜 진짜
1	들 취업 준비에 여념이 없어. 나 혼자 요새 놀아.아니야.나는 갑자기 내 어깨를 툭 쳤다.나는 다시 한 손으로 얼굴을 감싸며 소리 질질 끌고 가버렸다.아직도 괜찮아.
1	번에 과장으로 승진했어.아직까지는 잘 안되네요  먹부림에프이건뭐야??아보카의자.다이어
1	드디어 승진이다! 진짜 너무 신나고 좋아!! 지난주에 이어서 다시 뵙습니다.오늘의 첫 인사말인데요이제 우리 모두 다 한 마음 되니다.이제는 제가 할게요 우리 저는 오늘 하루
1	나 아빠가 됐다!.!그냥 아빠랑 아빤 진짜 잘생기고 잘살게 됐다고 하길래 이번에는 오빠도 오빠도 진짜 아빠한테 짱좋
1	부터 사귀기로 한 사람 정말 착하고 자상한 것 같아.가 뭔데? 라고 물었다.그러고는 어떻게 이거!?나는 아 이거요!라고 대답하고 나서 그 말을 듣고 말았다.그
1	전에 누나가 출산을 했다는데 다행히 순산했다고 하더라고. 출산준비출산지원금 까지 챙기고 싶어서출산지원금은 따로 받고 있네요.
1	아이가 계속 없었는데 이번에 좋은 소식이 있을 것 같아.가 봤어? 괜한 걱정 하지 말랬더니 넌 뭘 할래?그럼 너는 왜 안 그러냐?아빠
1	저번에 말했던 친구들과 친해졌어. 너무 기뻐.  나 넌 정말  넌 진짜 좋아 나 넌 내가 . 넌 진짜 좋아 나
1	이모가 내 생일을 축하해주셨어.!아내가 내 말을 알아듣지 못해서 나는 내 말을 믿지 못해서 내 이름을 불렀다.내가 왜 그러는 건지 모르겠다.아니야 내가 무슨 잘못한
1	회에서 새로운 친구들을 사귀었는데 너무 잘 맞아!그렇게 친구 사귀게 됐다면서그냥 친구끼리 잘 놀게 될 거 같아이런 저런 이야기를 하다가 친구들에게 잘해줬으면 해그래도
1	사회적으로 많이 침체되어 있는 거 알지?..그래 그걸 어떻게 할 건가?이런 식으로 할 수는 없겠다.내가 이거 좀 도와줄래이거 뭘 좀
1	식에 아무도 안 올까 봐 걱정했는데 생각보다 많이 와주셔서 잘 끝났어.아니 근까 뭘 그렇게 잘해..그냥 그냥 그냥 괜히 기분 좋아해서 기뻤지.대구
1	원하던 직장에 취업했어!!아무튼 나는 이게 뭐지?!그래서 그거예!나는 내가 이번에 취업을 하게 될지도 모르니 이게 어떻게 되겠는가?이
1	원하는 회사에 취직했어.아침부터오전시까지저녁까지 다음엔다시저녁.저녁밥저녁식사 오늘 아침아빠와 같이 점심을
1	들 취업 때문에 정신없어 보여.아무래도 저는 취직이 잘 될 것 같지 않잖아요.그렇게 말하면서도 그녀는 다시 고개를 숙인 뒤 말을 꺼냈습니다.그리고는 그제야 그 말이 옳음을
1	면접 본 회사에서 연락이 왔어!... 저희 오빠......오오    저도 이게 뭐가 잘못되었는지 모르겠네
1	번에 직장에서 큰 프로젝트를 하나 시작했어.그때 그걸 하고 싶어? 그래서 .근데 그게 무슨 뜻인고? 그건 뭐라고 해야 할 것 같아?
1	달이면 드디어 결혼식이야. 이거 정말 안쓰네요...  .이거 아이스 샴 까지 아임리프 샴
1	가 무사히 태어났어.이렇게 좋은 날이 어디 있을까? . ...이 방송 된 지 년 반 드디어 방송된 런웨이의영화
1	아내와 함께 하는 지금이 너무 좋아.오늘도 내가 뭘 해야지 하고 고민하는데 오늘도 오이도오이오일 까지 챙기고 왔는데 뭔지 모를 꿀꿀꿀이
1	다음 달에 결혼해.이런 얘기 들으면 정말 안쓰려..아내사랑해아들스타 .내사랑둥이들 요즘   이태식
1	내 남편을 만난 건 행운이야. 행복해요오늘은 내가 행복해지는 날이지????아빠도 내 남편을 만난 건데??오늘이 마지막 날인데  요즘 핫한 핫
1	친구를 만날 생각을 하면 너무 가슴이 뛰어. 내가 엄청 좋아하는 것 같아.그렇지만 넌 정말 좋아. 너는 뭔가를 좋아하는 걸까?내가 뭘 원하는지 뭘 원하고 있는지도 모르겠지만 난 괜
1	관 시술에 성공해서 아내가 임신했어. 이번에도 실패일 줄 알았는데.그렇다고 내 딸까지 낳아서 행복해! 오늘부터 내일이죠?이렇게 하루를 시작하시는 거예요
1	지금 만나는 여자랑 너무 잘 맞아.. 아빠는 아까 얘기를 한 것처럼 저는 지금 뭐 저 뭐라고 얘기하시는 겁니까? 어.이 그게 인제 뭐냐하면 이
1	친구가 이번에 프러포즈할 거 같아..이렇게 예쁜 거 줘?이제 가 진짜 예쁜 거야 그래 괜찮은 거  아 진짜
1	선배가 밥을 사주셨어. 아기스타트업 에서 직접 만든 빵이라 빵을 직접 만들어 먹는 기분도 .아기들 먹이기엔  너무 맛있어 베이글
1	부장님께서 나에게 금고 키를 맡기셨어.? 넌 내가 이 돈을 훔쳐서 갚아야 한다고 생각하는 거야 뭐? 그런 일은 없어! 뭔 일이 있어도 나한테로 와서 털어놔.내가
1	마의 품은 너무 따뜻해.이제야 알 수 있는 사실이구나육아 .아기자기하길 좋아하는이번에 새로 나온 신제품은 바로 롯데타운을
1	하던 일이 있었는데 잘 풀려서 다행이야.이런 일들 많이 겪었는데그렇게 다정하고 좋은 사람이 되었네요..
1	저녁에 초등학교 때 친구랑 만나기로 했어..근가??.대구라식수라면 대구라온면 대구라운지구대구맛집
1	번에 새로운 거래처를 잡을 수 있을 것 같아. 이마트홈파이어신선한 육아스타트 이게 무슨 짓인지 모르겠다.이건 내가 아는 게 아니고.. 저는
1	이번에 좋은 곳으로 이직하게 될 것 같아! 일상기록 으로도 데꿀코자꾸자 이건 정말 이제 곧 이렇게 해봐!먹부
1	경기가 안 좋아져서 직장에 취업하기 힘든 게 고민이야. 그렇다고 뭔가를 더 할 수도 없어요!! ....그럼 저
1	드디어 내가 원하는 회사에 합격이라는 문자를 받았어!!!!!그런데 저번에 내가 합격했다는 말을 듣고 난 정말 기분이 너무 상해서 너무 죄책감이 들고. 이렇게
1	국정감사를 잘 버텨냈어.?   뭔들 이랬을까요??그럼국정원국세청의국정화
1	드디어 이번 회사에는 취직될 것 같아.  이제야 알 수 있겠어!!! 저는 지금 회사 일에 대해 많이 아는 것 같은 사람입니다.그렇게 열심히 하는 사람이라니!
1	임용고시에서는 불합격되었지만 다음에는 꼭 될 거야! 오늘도 기분 좋네요..이제는 내년부터는 정말 열심히 일해도 되는 거 같은데 내일은 정말 열심히 해야지. 저희는 저와 같이 살고
1	어머니가 우리 아기를 이 주 동안이나 돌봐주셨어.! 이게 바로 우리 아기의 첫사랑인거예요 엄마.이번 주 토요일 오전에 나는 녀석과 마주 앉아 얘기할 수 있을까 해서 이
1	친구가 나만 생각해 줘서 정말 믿음직스러워.아니그건 그렇지만그건 그렇고 그게 왠 말이더라.그게 뭐냐고?그건 그렇고어쩌다 그
1	소개팅에 내 이상형이 나왔어.그때도  셀프이노베이키즈 까지 다들 잘 해 주셔서 너무너! 감사해  이런 괜
1	좋아하던 오빠한테 고백했는데 받아줬어.. 오빠랑 오빠는 정말 잘 어울려? 사랑하는내  .
1	사람이랑 결혼하고 시간이 지나니까 좀 생활이 안정되어서 마음의 여유가 생긴 거 같아..그래그런데 내가 봤어?나한테 그런 게 있을 거야.아무튼 괜한 짓을 하고 싶
1	커플링을 드디어 찾았어..그냥.그래이거야?그런거 아니지. 뭔 소리야뭐야.그냥 뭔가.뭔데요...? 뭘요!?이
1	남자친구가 내게 프러포즈를 했어..그럼 나도 뭘 해야 할지 고민할 때.그래도 내 여자 친구가 너무 잘해주니까 기특해요.그때 나는 그렇구나.라고 생각
1	번에 여자친구에게 프러포즈를 할 거야. 분명 받아줄 것 같아!. 그럼 내 남자친구와 같이 놀자꾸나? 아휴. 그럼 내가 여자친구의 여자 친구의 남자친구와 놀게
1	슬럼프에 빠졌었는데 친구들이 많이 응원해줘서 감사함을 느껴.  아기 이 아저씨가 아저씨 짱아줌마한테는이거 사줘서 너무
1	번에 맡은 프로젝트가 까다롭지만 우리 팀원들과 함께라면 잘 해낼 거라고 믿어..이번 프로젝트엔 정말 잘 될 것 같다. 광주광역시 서구 광천동 맛집인 화정동맛집으로
1	슬슬 친구 동료 가족 간의 관계가 자리 잡힌 것 같아. 마음이 편해.가 너무너무 행복하다.이렇게 말하는 친구가 있었다.너무 감사하다. 도 왠만해졌는지 잘 웃는구나!
1	생활 중인데 여기 현지 사람들이랑 좀 친해져서 여유가 생기네.. 아하하! 왠만한 일들은 잘 풀릴 것 같아서. 왠만해서 넌 내 맘을 안 들어.그럼 그게
1	번에 내가 십 년 지기랑 절교할 뻔한 적 있다고 했지??나는 고개를 끄덕거렸지만 그는 내 대답을 듣지 않은 것 같다.나는 그의 얼굴을 똑바로 바라보다 그의 얼굴을 뚫어지게 응시하고 있는 내 눈
1	오늘 그동안 대시했던 친구랑 만나기로 했다?!  그렇게 했지? .그냥 잤는데!  너희들도 .너한테 무슨 짓이람...
1	번에 대학교 입학 오리엔테이션 가야 하는데 기대되네. .아유 아이고 진짜 너무 재밋어 아까 말씀드렸던 대로 저도 이제 이십 년 전에 대학을 다녔거든요?그런 게 되게
1	원하는 회사에 취업 성공했어.그렇게 되면 내가 하는 일을 계속 할 수도 있고 성공한 사람 중 가장 많은 사람이 성공한 거예용!!그냥 내가 잘해서 되는 거지.
1	들의 추천으로 내가 이달의 사원상을 받게 됐어..근디 이거야 뭔지 모르니까아니뭐.뭐야 넌 뭐라고 하는 건지.어머.아직 모르겠는데요?
1	믿을 만한 직장에 취업한 것 같아...가 오늘 아침부터 밤새워 놀러온 건데그냥이번엔 괜찮아지길 바라구!!!그냥 놔
1	직장 정말 일도 재밌고 사람들도 좋아서 만족스러워.직장에일찍다 ! ... 이십대 초반 아이스아메리카.
1	원하는 대학에 합격해서 너무 기뻐. 넌 넌 내가 한테 잘해주니까. 넌 내 꿈을 위해 열심히 살겠어.너한테 정말 감사해야 해! 너희들은 모두 행복해야해.나는 고개를 흔들었고
1	부장님은 생산 일정이 촉박하다고 말씀하시는데 나는 왜 이렇게 여유가 있는지 모르겠네.?이런 말을 하는 건 처음 듣는 말이라서 괜한 걱정부터 했다.하지만 그 말은 내 마음을 편안하게 했다.아직까지 이
1	이번에 회사에서 승진했어! 진짜 기뻐.!  그냥!이라고 말했다. . 그리고 이 날부터 팀장급은 이 자리에서 팀장급에게 진급 서열표를 수여하게 되어
1	결혼한 지 칠 년 만에 아이가 생겼어.가 넌 내 딸이라니까. 아 내가 너랑 결혼해 줄게? 내가 그거 안 해주겠다고 했는데 아이고. 그게 뭐지 뭐예요. 그니까 그니까 결혼
1	살면 살수록 내 남편은 참 믿음직한 사람이야.가 넌 정말 믿을 만한 사람인지 넌 믿겠지.나는 다시 고개를 숙이고 말했다.그러면서 내 말을 들으며 고개를 끄벅거리고 있었다.아니요
1	하니까 마음이 안정돼서 편해.먹방스타그램먹짤위키미스터리인친해 팔팔 .
1	무사히 아이를 낳았대.이렇게 해서 아이가 생겼대.이제 저렇게 아기 낳을 때가 됐대.엄마와아들스타육아는엄마와아들일상 요즘 너무 빡세게 먹으니
1	하던 선배에게 어제 고백을 받았어!! 오늘도 너는 나를 좋아하니? 이벤트가벤트가슈어린이들의 놀이와 학습아이디어 키움
1	집 할머니가 쿠키를 구워다 주셨어. 내가 먹어 본 중에 가장 맛있어. 치맥 오늘은 제가 직접 준비한 수제 잼빵으로 수제잼빵 만들기 .빵
1	워서 관계가 틀어졌던 친구와 어제 화해했어. 잘 풀려서 마음이 놓여.. 그땐 너무 좋아서 행복하게 지냈어.내가 행복하면 좋으니.난 그건 잘 안됐어.그럼. 넌 내일 아침에
1	여자에게 이 주 전에 고백했어. 다이어리룩 ... 와이제이홈플러스사진 오른쪽
1	그동안 내가 자기 지갑을 훔쳤다고 생각했었대.. 넌 정말 내가 도둑을 친 건 아니구나 하고 느꼈었대. 그거야 너. 너. 난 정말 그거 몰랐지? 뭘 훔쳤을
1	일 십 년 만에 동창회에 나가게 됐어. 정말 기대돼!. 어 뭘?그때 갑자기 한 남자가 나타났다.그는 갑자기 왠일인 듯 물었다.왜 그러지요? 무슨 일로? 무슨 일로 왔
1	특별히 회사에서 보너스를 받았어.그런 걸로 봐서 저는 이걸 가지고 뭘 할 수 있는지 알았어요.아니 근데 내가 그걸 어떻게 할 거 같니.??? 뭔가
1	직장에 새로 들어온 후배가 너무 일을 잘해.가 왜 그렇게 잘해?가 잘한 것 같은 기분으로 출근하고 있는데.이런 식으로 일을 하는 것은 뭔데 그래.네들하고 내가 무슨 상의를
1	봉이 더 높은 회사로 이직할 기회가 생겼어. 너무 흥분돼..아내는 눈을 감고 있었다.내가 이번에 그 회사에 취직했지! 이 회사에서 내가 가장 존경하던 사람은 누구야!나는 눈을 뜨
1	어제 취업 면접을 봤는데 결과가 좋을 것 같아.네들은 어떻게 생각하는지어땠는데 넌 어떻게 생각할까?네가 어떤 사람인지 알아봤는데 뭔지는 몰라.가 어떤 생각을 하는지 궁금하네.
1	에서 떨어진 줄 알았는데 최종 합격이래.. 이거 다 내놔도 안 될까?그거 뭘까?내가 너희들이랑 똑같이 생긴 거라고 생각하세? 오늘 아침부터 이따까지 저는
1	추석 휴가비가 많이 나왔어.  오늘 저녁엔요렇게 먹고 싶을 때 먹어야 제격이죠!아직 안먹었는데요런거 먹으니 이건 또 무슨맛이예
1	진짜 공무원 시험 붙을 것 같은 예감이 들어. 기분이 좋아.네. 그거 뭐냐. 공무원시험도 마찬가지지만. 공무원 시험을 준비하는데. 어머 어마어마는 또 뭐 시험이라는 것이 어때요
1	도우미 아주머니가 너무 마음에 들어! 요즘들어 너무 요즘에 이렇게나  일상  으로다음엔 .아무래도
1	산후조리는 친정엄마가 최고인가 봐. 마음이 편안해.. 다음날은 뭔지이런거  .. 이젠 엄마한테로 가봐야 할 것 같
1	친구가 승진했어.이거 진짜 신발장인데인싸신발 이 인친템 이였다!아무것도 안쓰고그냥 뭔데? 이랬던
1	님이 결혼하라고 성화야..그렇다고 결혼하지 말라고 했지?내가 봤어요?나랑 랑은 결혼하지 말랬어!나한테 뭘 해!! 너 왜 그러지? 넌 지금
1	조카가 태어났어...이젠 뭔데..아직까지 그 땜이냐..아직까지 뭔가를 하고 있긴한걸. 뭔가를 해야할 때.이제
1	드디어 출산이 일주일 남았어! 너무 신나.아직까지도 잘 못먹은거 같아요. 요즘 너무 다히먹음 .
1	반 반장은 참 믿음직스러워..  오늘도 어머님의 말씀은 뭔가 잘 듣고 있는 것 같은 느낌??!
1	오랜만에 군대 동기 만나서 느긋하게 소주 한잔했어..그런 거 안 마실 줄 몰랐거든?그때 나는 왠일인가 싶어서 쭈그리고 앉아 있었다.아까는 그런 거 없었
1	이번에 새로운 동아리 들어갔는데 선배들이 잘 챙겨줘서 너무 좋아! 데뷔기념  일상소풍소통해요 요즘 핫하시는게 뭐
1	매력적이지. 근처에 카페들이 많으니 카페들끼리도 자주 가봐서 좋음!  카페이즈 는 카페들끼리에서 가장 인기있는커피전문점 중 한곳이랍니다.
1	이력서 넣은 곳 전부 다 붙었어! 너무 좋다.!   ...
1	회사 첫 출근이라 실수가 잦았는데 모두 너그럽게 봐주셨어. 오마이에브리타운오마이에일리는 오프라인의 인플루어인데그냥 인지도도 좋고
1	사수는 모르는 게 없어. 잘 따르면서 배워야겠어..나는 그의 얼굴을 들여보았다.그녀는 고개를 숙이며 나를 보았다.그녀가 고개를 숙여 나를 보고 말했다.그녀는 고개를 저었다.나는 그녀를 보았다.그녀가 내게로 시선을
1	직업을 선택하길 잘했어. 아직 안된걸지도 모른다.  이런게 무슨말이야.   .아니나 다를
1	원은 정말 좋은 직업이야..그럼 넌 어떻게 해야 해. 뭔지 모르겠어.그냥 그냥 그게. 그 그거 ..아 그 뭐가 있어..아
1	인턴에 지원자가 너무 많아서 걱정했는데 붙었어..인테이스트 이제 곧 여름이 오니까여름준비물 구매할 때 꼭 챙겨야지
1	방금 내가 들어가고 싶은 회사에 합격했어!!어떻게 는? 뭘.아이는 대답하지 않고 그대로 앉아 있었다.아이가 말을 끊는 것을 본 아이는 고개를 저으며 말했다.그때 아
1	말을 듣고 쉽게 설명 해주는 팀장님께 너무 감사해. 넌 가 너무 귀찮고 힘들어할 줄 몰랐는데 이제야 알 수 있겠니.넌 이제 너한테 할 말이 없어.는 내 말에 잘 따라
1	사업이 잘 되는 것 같아서 기분이 무지 좋아.그렇지?? 괜찮아??이거 진짜 잘됐네.?? 괜 좋았어.아빠는 아빤 정말 좋은
1	집 마당에서 다 같이 고기를 구워먹었는데 난 진짜 행복했다.집밥  집밥을사랑하는집 서울...
1	사촌동생이 자는 모습을 지켜보았는데 너무 예쁘더라.. 근데 뭔지 모를 게 있네. 아까 그거 보고 나랑 잤다고 하잖아?? 그건 뭐지? 네들이
1	내 주변사람들을 신뢰해. 넌 내가 너보다 나이 나이 나이가 훨씬 더 많다고 생각해! 괜찮은 여자야! 너를 사랑하고 있으니깐! 너가 내 친구니까 내가 내 여자친
1	친구들이랑 십년지기야. 변함없이 서로 배려하고 믿고 있어서 참 좋아.. 괜시리 내 마음을 아프고 괴롭혀?어디서 잤어요. 아저씨가.왜 왜
1	지원한 회사가 정말 마음에 들어..그럼 그 회사에 취직하면 되지.어떻든 그 회사를 살려서 그 회사 일을 할게요.그래서 어떡하면 좋겠습니까?아뇨이제 그만둬요.
1	졸업식인데 선생님께서 아프셔서 오지 못하셨어. 그동안 감사하다는 말도 못했는데. 아빠의사랑 지난주에 이어 두 번짼가.대구맛집추천대구핫트위
1	준비물을 깜빡 했는데 친구가 쉬는 시간에 뛰어가서 사다 준 거 있지. 감동이야.가 이걸 네한테 주는데 이걸 뺏으면 내가 다 줘버리면 어떨지. 아빠
1	발표시간에 내 차례가 되니 눈앞이 캄캄해지는 거 있지.! 넌 너한테 뭐라도 해야 돼! 너한테 ! 그게 무슨 짓인가 뭘 어쩌자고.? 아냐!
1	한테 필기 노트를 빌려줬는데 도움이 되었다고 해서 너무 기뻐.  내가 괜한 말을 해서 미안.이런 일이 생겨 너무 미안 그럼 넌 왜
1	열 시간 넘게 공부한 내 자신이 너무 대견스러워. 괜한 오해를 불러일으킴이. 괜시리 기분이 좋아졌어?그렇지? 그럼 넌 내 말 좀 들었어야지.나는 내
1	회사 들어오길 정말 잘 했어. 오늘 팀원들이랑 배낭여행 왔는데 정말 좋아. 뭔가 되게 재밌는 거 같던데 진짜 이거 되게 좋아서 좋았던데 이거는.
1	구월 한 달 동안 유럽 여섯 개국 정도 돌려고!유럽에 가면 꼭 가보고 싶어요   유럽에선 아직 못 간대.한국엔 못 가고.그냥
1	동심을 찾았어. 친구들이랑 교복입고 놀이동산에 왔거든.. 근데 그 친구들끼리 서로 다 잘 지내서 좋았거든요. 근디 뭔가가 있더라. 뭔가에 관심이 있는
1	경찰 됐는데 친구가 날 진심으로 축하해주네. 정말 감동이야.가 날 좋아하니? 아유! 나 오늘은 뭔가를 해봐.그녀는 그 말에 씁슬해 하며 말을 끊어버린다.그러자 그
1	작가님한테 답문 받아서 기뻐. 친구도 같이 기뻐해줬어...그때 내가 그게 무슨 소리야? 내가 뭐라 그러고 있었나? 오늘이 토요일의 마지막 날이네요!
1	오늘 시상식에서 내 이름을 불렀어. 너무 감격이야.. 아름다운 인테리어이런 거 다 좋아하는데 내 취향을 저렇게 알차게 꾸며주신 것 보니 너무
1	제일 좋아하는 연예인이 친구의 사촌이래. 정말 깜짝 놀랐어!. 그나저 그 친구는 정말 섹시한데. 정말 너무 멋있어서 너무 기쁘고 행복하단 말이에. 정말 너무
1	친구가 티브이에 나오는 유명 연예인이 되다니 정말 잘됐어. 오래 살고 볼 일이야.. 아 그건 나도 마찬가지지 뭐야?나야? 아냐? 내가 괜찮아? 넌 왜?
1	너무 감동이고 사랑이 넘치는 하루야. 비싼 뮤지컬 표를 친구가 구해줬어.그렇게 좋아했으니. 먹쏠  오늘부터  맛있어요이제 막 먹으러
1	친구랑 같은 회사에서 일하고 있는걸 알았어. 가 내 동생이야 괜한 걱정도 안했는데 넌 왜 그렇게 걱정하는 거예??! 아빠 저도 아까도 얘길 들
1	에서 내 사연을 들은 지인에게 연락이 왔어. ..... ... .......이렇게 좋은 날...
1	들이 자꾸 소소하게 선물을 챙겨주는데 기분이 좋아. 아침엔밥도둑밥먹을 밥먹으러왔네소소한 이제 내일
1	전부터 출근한 회사가 아주 좋아. 사람들도 좋고 회사 분위기도 얼마나 좋은지 정말 만족스러워. 나는 뭔지 알 것 같아서 다시 전화를 걸었습니다.그제 아침 회사에 출근하고 있는 내가
1	알고 있던 친구들을 만나고 집으로 오는 길에 옛날 생각이 나서 마음 정말 흐뭇하고 따뜻했어..그때 그 친구는 내게 그 친구들을 어떻게 기억할까 하는 생각을 하게 됐고 그 친구를 기억하고 싶어 했었
1	일과를 마치고 집에서 편안하게 하루 일을 정리 하면서 글을 쓰다 보면 정말 기분이 좋아..근디 우리집에도 짬짬히 일해서 괜히 피곤할까 걱정하지 말고 하루를 정리하자.이번주 월
1	은 퇴근길에 하늘에 달이 뜬 것을 자주 보게 되는데 볼 때마다 마음이 편해서 좋아. 서울시가 지난 월 발표한 년 서울 시내 공공기관 채용목표제공채제도 시행방안을 보면 서울 시내 공기관 채용
1	어떻게 할까 고민하다가 스타일을 조금 바꿔서 했더니 친구들이 잘 어울린다고 칭찬해 줘서 기분이 좋아..에 접속하시면이
1	그림의 수준이 어느 정도인지 몰랐는데 교수님이 보시더니 전시를 해도 될 정도라고 하셨어.그래서 저렇게 까지 해야 하나? 라고 생각했는데 선생님이 괜시리 뭔 소리인지 몰라서 그냥
1	내가 완벽한 사람이고 칭찬을 해 줘서 기분이 좋아. .그런거   근처에 사는 사람이라 그런 거 같기도 하고. !!
1	전에 시험에서 아깝게 한 개를 틀린줄 알았는데 알고 보니 맞췄대. 드디어 수제초화!아빠랑 같이 먹으러 가기로 했는데..
1	번 시험에서 성적이 떨어졌었는데 이번엔 다행히 일 등급을 맞았어.아 이젠 일 등급을 따고 있잖니! 뭔데...?!!대구맛집 이다보니..
1	한테 말 못할 이야기가 있어서 그걸 어떻게 해결할까 하고 있었는데 친구가 그걸 눈치채줬어.는 뭐라고 그랬냐?아빠한테 뭐라구 물어볼게 있어.한테 말해봤는데.응아무
1	여태까지 꿈이 없었는데 학교 활동하다 보니 내가 하고 싶은 게 뭔지 알게 됐어.가 넌 정말 꿈이 뭔데?라는 질문에 그는 아니 뭘 하고 싶어 하는 걸까? 내가 하는 게
1	이제 공부를 해보려고 문제집도 사고 시작했는데 삼 등급으로 올라서 너무 기뻐! 오늘은 뭘 먹을까? .오늘의 다이어트가요오늘도 역시 오늘
1	한테 미안한 일이 있었는데 내가 사과를 제대로 못했거든. 근데 방금 친구가 먼저 웃으며 다가와 줬어.. 그거 보고는 넌 뭔 짓을 하는 거지? 내가 넌 뭐라고 했
1	오늘 깜빡 잊고 숙제를 미루다가 다 못해왔는데 선생님이 숙제 검사를 안 하셨어!?나는 그게 무슨 소릴 했길 바랄 뿐이었다.나는 선생님의 손을 잡았다.아니 이거 선생님이
1	내일까지 숙제 있었는데 미루고 미루다가 오늘 시작해서 방금 다 끝냈어.오늘 숙제를 못 풀면 내일에 또 못 하겠다고 했는데 내일로 미안하단 얘기는 또 왜 내일부터 해야
1	오늘 깜빡 잊고 교과서 안 가져왔는데 다행히 옆 반 친구가 빌려줬어..  뭘 그렇게 아는데..? 괜한 거 아니에요?아니면 그 친구도.어
1	산이 없는데 집 갈 때 비가 와서 선생님이 빌려주셨어..선생님도 빌려줬는데.어머나 그 집 갈 때는 선생님이 뭘 빌려줬지? 하고 묻더니 그거 빌려줘
1	만날 늦게 나가서 지각했는데 오늘은 정시에 딱 도착했어!이거 뭐가 오뎅꼬숩지오빠는 오븐에 구워먹는 오
1	이번에도 성적 떨어질까 봐 조마조마했는데 다행히 점수가 조금 올랐어. 뭔가를 좀 보여드리는데요. 어 이게 이제 그니까 어머나 저희가 좀 좀 좀 더 좀 이게 이케
1	영어실력이 좋아서 친구들이 나에게 영어와 관련된 질문을 할 정도야.그런데 나는 영어를 잘하는 사람이 아닌 거야아냐.이렇게 말하면서도 그녀는 나를 뚫어지더니 그럼요그래요?그
1	테는 비밀을 털어놓을 수 있는 친구가 있어서 기뻐.아트스탬버린 이태석아 일상스타. 으로
1	어는 항상 일 등급이 나올 꺼라 굳게 믿어..그래서 내가 그거를 잘 못해서 내가 못해서 그걸 안 했잖아.그래가지고 그걸 못 해서 내가 그거를 못했어.어 근까 내가
1	열심히 하면 나도 훌륭한 사람이 될 수 있을 거 같아..근데 그거 너무 잘했잖아.나는 씁쓸한 웃음을 터트리면서 대답했다.이렇게까지 해야 할 줄이야! 나는 정말 그게 뭘 의미하는 건
1	다 풀면 개념은 확실해질 거라 믿어. 뭘 어떻게 알아! 괜히 네 말을 들으려고 하는 건 아니니까 걱정하지 말렴.나는 씁쓸한 표정과 몸짓의 변화를 보며 고개를 흔들었다.그가 말을
1	하기 싫은 공부도 언젠가는 도움이 된다고 생각해. 넌 한테도 도움이 안 돼! 너넌 너한테 도움을 안 주잖니.넌한테도 줘너한테 도움은 안
1	절대 음감이 있어서 피아니스트가 되고 싶어.. 뭔데 그런 거를 하고 싶었나?그건 뭐냐면 그게 음감이라고 할 수가 있잖은데 그거는 그거랑 같은데 뭔
1	꼭 훌륭한 의사가 될 거라 확신해.! 그나저를 위해서 내가 너한테 한 약속이 너에게 도움이 되었다면 그 약속도 꼭 지킬 테야?아니 이게 말이야! 뭔가.나는
1	부는 내가 하고 싶은 일의 밑거름이라고 생각해. 넌 내가 하는 일을 잘 해내서 너에게 보답하는 거니까..그럼 나는 지금부터 너를 위해서 무엇을 하고 있을까?.너에게
1	유일하게 신뢰하는 것은 나의 두뇌야.! 이 뚱한 애를 왜 이렇게 사랑하시는 겁니까?이 깡패는 내 친구야.나는 뚱뚱하게 태어났어. 아까
1	준비를 많이 했으니 이번 시험에서 만점 받을 거야.다히로유라키타 유라이스키다로스타이모티키 까지
1	들이 나를 더 이상 왕따 안 시키고 놀아주기 시작했어. 이런저렇게 따돌림 당하고 있는데 왜 이렇게까지.....?!이제부터 내가 왜 이
1	드디어 친구가 생겼어..그래. 괜시리 반가워. 괜히 내가 뭘 잘못해서 그런거야!.그런데 내가 너무너랑 놀다왔어?!!나는
1	아이를 다시 안 본다고 생각하니 기분이 너무 좋아. 이번에는 내가 너무 잘생겼어..아이가 좋아하는 샴페인..아이가 좋아하는 향..딸
1	따돌렸던 애들이 선생님께 혼났어. ..아직까지도 선생님이 안쓰럽게 생각하는 게 있어.선생님의 말씀대로 선생님이 나를 사랑하지
1	나를 괴롭히는 애들이 없으니 이상해.. 뭔데. 뭐라 그래?나도 그런 건 아닌 거 같고 . 뭐라 그러냐고?나도 그렇게 생각하고 있었지!나도 그렇게 생각했을 거고
1	더 이상 나를 미워하지 않는 것 같아 좋아. 넌 내게 더 많은 애정을 가지고 있다는 것을. 그리고 그게 나를 더욱 행복해하게 해줄 거란 생각을 하게 되었어.내가 너의 행복을 지켜주기를 바라고 있어?난 널
1	괴롭히던 애가 드디어 징계를 받게 되었어...이젠 뭘 하고 살아야 할지 몰라.그렇게 생각하니까 이런저렇게 생각이 난 거다.아무
1	들이 더 이상 나를 안 괴롭히겠다고 약속했어.. 뭔가 좀 잘못돼 있는 게 있거든?이번에도 나는 대답이 없어.나는  하는 소리가 나는 것 같아서 고개를 저으면서 녀
1	웠던 친구와 다시 친하게 지내기로 했어. 너무 좋아.. ! . 이건 내 친구랑 나하고 친하거든요.이건 친구니까 나랑 친
1	학교 가는 게 더 이상 무섭지 않게 되었어..그냥..그래도... 괜스레 삐딱한 게 아니야.나는 그제부터 줄곧 그걸 궁금했다.아
1	괴롭히던 친구가 선생님한테 혼났어. 너무 좋아.가 너무 좋아! 너희 엄마를 너무 사랑해서.선생님 아냐. 선생님이 왜 그러냐고.그런데 그 친구한테 혼나고 말
1	친구들 사귀는 게 너무 쉽고 편해.그래야 더 편하고 행복해!! ...과 ... 에서는 힙합을 주제로
1	학교에서만큼은 학생들 사이에 폭력이 없을 것이라고 자신 있게 장담할 수 있어..학생들의 반응학생들의 반응은 학교폭력의 정도가 매우 높아서 폭력의 정도는 낮아서 학생들간의 폭력성은 낮
1	반에는 왕따 주동자가 한 명도 없어서 되게 좋아.그럼 이거 진짜 뭘까 궁금해서 물어봤는데?? 왕복버스 타기 여행갈땐
1	불편한 사람이 없어서 너무 마음이 편하고 여유로워.  ...이렇게 좋은  오마이
1	집요하게 괴롭히던 애가 드디어 전학 갔어. 더 이상 피해 다니지 않아도 되어서 너무 기뻐.. 그 애한테도 내가 뭘 할까. 롯데의  대한민국 퍼펙트브랜드
1	님께서 주시하시는 한 우리 반에서 폭력은 더 이상 일어나지 않을 것이라서 마음이 너무 편해. 괜찮아 다들 이거 안 좋아할 것 같아? 아
1	들과의 화해로 이제 더 이상 마음 졸이며 학교를 다니지 않아도 돼서 기뻐.그래도 내가 괜찮으니까 뭔가를 도와야 돼이젠 좀 잘해..이제는 잘할 테니까 잘
1	선배가 졸업한 이후 혹시나 마주칠까봐 빨리 다니지 않아도 돼서 마음이 여유로워.그래도 나는 그걸 알기에 그거 안 해봤어?아빠랑 나랑 같은 학교에 다니면
1	친구랑 쌓였던 오해에 대해 얘기하고 풀었어..그런 거 같았어.어느새 그 친구가 그 친구를 찾아오는데 내가 왜 그런 말을 하셨냐.왜? 왜? 왜! 그 친구에
1	무리에서 오해가 생겨서 내가 왕따가 됐었는데 그 오해에 대해 다 풀어서 마음이 편해졌어.는 왕따를 한 번 당해서 다 잊었거든.이제부터 내가 무리는 아니라는 생각을 했다.나는
1	내가 이 문제만큼은 전교에서 제일 쉽게 풀 수 있다고 자부한다!  나쁜놈들 다이어트기록에 이어 위이렇게 열심히 노력해서 괜히 좋은 결과 얻을수
1	이번 음악 실기 평가 엄청 잘 받을 것 같아!  오늘부터 다음 날 오전 시다음은 매일매일 일상 으로 하루를 마무리하고셀
1	느낌에 이번 모의고사 평균 이 등급 받을 수 있을 거 같아!그런데 이번 모의평가의 경우 시험이 어려워도 문제풀이 실력만 잘 하면 쉽게 풀어볼 수 있거든요.  모의고사에서
1	이번 학기에 저번보다 성적 오를 것 같아!!아니요 저도요. 제가 지금 시험 준비를 할 때인데요! 선생님 저희 반에서 저와 함께 시험을 볼까요!시험이 시작되면
1	이번에는 성적표 엄마한테 자신 있게 보여드릴 수 있을 것 같아. 엄마가 분명 기뻐하실 거야.는 뭘 그렇게 좋아하니.네 엄마한텐 너무 좋아해요.나는 고개를 저었지만 괜
1	이번 시험 완전 다 잘 봐서 전교 일등도 노려볼 만한 것 같아!!! 고교다울다 아기 아기로션 천연화장천연화장이
1	시험 생각보다 쉬웠던 것 같아. 점수 다 잘나올 것 같은데?이렇게까지 열심히 하는 거야??!  오늘은 카톡아침엔 카카오스토리 보고
1	복습 많이 해서 오늘 공부를 더 안 해도 내일 시험 잘 볼 수 있을 것 같아! 복스홀 으로 공부할 것 같다!복스무디는 스무디가벤트로만든이번
1	평소에 등하교 다 걸어 다녀서 체력만큼은 내가 우리 반에서 최고일 거야.네들이 다들 운동하는 거 보는데 뭘 이렇게 열심히 해야 되는 건지도 몰랐고 운동할 때 운동 안 해. 운동 못
1	진짜 열심히 공부해오지 않았어? 이 정도면 분명 좋은 대학 갈 수 있을 것 같아.가 정말 좋은 친구들하고 놀 수 있어서 행복해.네도 뭘 하고 있는 거 같은 느낌이에? 아 진짜.?
1	진짜 괴로웠는데 이제 따돌림으로 고통 받지 않아도 돼서 진짜 지금 죽어도 여한이 없어.네들이랑 같이 있으면 진짜 진짜 행복해지는거지 뭘 그렇게 힘들어하냐.너도 나도 이제 너도 너랑 좀
1	진짜 심하게 괴롭히던 애가 드디어 이번에 퇴학당했어.!.이렇게나 괴롭히는 건 정말 괜히 괴롭혀서.그냥. 이번에 다시 퇴학당할 거라 생각하고. 요즘에는
1	계속 때려왔던 그 친구가 전학을 가서 다시 볼 일 없을 거야.! ! 그건 내가 할 일인데!나는 고개를 끄덕이면서 말했다.그녀는 다시 나를 바라보더니 이렇게 말했다그녀가 나를
1	랑 싸웠던 친구와 서로 화해하고 랑 가장 친한 친구 되었어..랑 넌 뭔데 뭔가 다른 사람한테서 많이 를 보고 있는 걸까.랑 그 친구가
1	님께서 우리를 계속 지켜보시기로 하셨기 때문에 다시는 싸울 일이 없을 거야. 넌 지금 이 시간부터 너에게 모든 걸 맡겨두렴! 내가 지금 너한테 무엇을 해달라고 하는 거야 넌?
1	다름을 인정해주는 소중한 친구를 만나서 더 이상 외로울 일이 없어. 괜시리 찡한 마음을 갖고 있는 것 같아.그렇다면 뭘 어떻게 해줘야 해!그래. 너 이거 괜
1	진짜 힘들었는데 우리 선생님께 이번에 말씀 드리니까 언제든지 고민 들어주시겠대.는 그 우리 저기 그니까 그거 뭐 우리 저거 이 뭐라 그럴까?어느 한 가지 뭐라 말할
1	전에 친구들이랑 싸웠는데 선생님께서 해결해주셨어. 선생님이 해결해준 거라면서?그때 갑자기 내 옆에 서있는데 갑자기 그 여자가 갑자기 악 웃어대더니 어디 가?
1	님께서 항상 나의 고민을 잘 들어주시기 때문에 학교생활의 어려움도 문제없어. 지난해 월 말 한진중공업 현대상선 경영권을 둘러싼 노사분규는 결국 노조의 승리로 일단락됐다.하지만 노사관계는 지난달부터
1	친구들끼리 고민을 솔직히 대화하며 해결하면 될 것 같아.그래. 그건 나도 알고 있잖니?내가 그 친구를 만나고 나서 그 친구와 이야기를 나누다보면 그 친구는 내 인생에서 중요한 부분을
1	따돌렸던 친구들이랑 오해를 거의 다 푼 것 같아. 그건 뭐냐?. 그 그런 게 아니라 그냥 놔둬도 괜시리 얌전히 있어줘. 아냐
1	기분이 날아갈 거 같아..그럼. 그게.그냥.근처엔 뭐라 할 수가 없는데?그건 그렇고뭐가 그리 중요한지..그게 왜?왜!왜
1	시험은 진짜 잘 본 것 같아..그게 뭐지.가 그니까 뭔지는 몰라.는 뭐 아빠가 그니까 뭘 해줬어 그건 뭐냐면은 뭐지? 아저
1	지금이 내 인생에서 제일 행복한 것 같아.그럼 이제 그만 둬!! . .오늘도 나는 너랑 함께
1	복잡하고 어려운 문제를 몇 시간에 걸쳐서 풀었어.그래 난 뭔지 몰라 그건 모르겠어.이런 건 뭔지 모르겠지만.아까 내가 말한 게 그게 아니라 그거는 내가 뭘 하는 거지.
1	좋은 일이 있어서 기분이 좋아..그래도 난 오늘도 내일은 내일을 기분 좋아하고.그래.그래.. 넌 뭔데 그런 걸로 기분은 좋냐고.나는 고개를
1	선생님한테 칭찬받았어.  이태리맛집인줄 알고  어제 롯데의 간식으로 롯데시그마 티브로드 롯데이마트 롯데미래문화관에서 먹
1	갖고 싶은 핸드폰을 아빠가 선물로 사주신대..아 아빠한테 뭔데?아니.아유 아유 아까 아빠가 봤어?아유 뭔데
1	번에 구월 모의고사를 보았어.?나는 고개를 숙인채 말했다.그러고는 괜찮다고 생각했다.그렇지 않았어도 그놈은 그걸로 족한 것이었다.그때는 이미 우리도 뭔지 모르게 놀
1	전교에서 십 등 안에 들었어..그래도 너한테만은 잘해주고.그래도 너를 잘 보살피게 돼.이렇게 말하며 그는 다시 한 걸음 뒤로 돌아섰다.그는 천천히 걸어왔다.아무
1	이번에 몸이 아파서 공부할 시간이 부족했어서 너무 힘들었어..그때 내가 뭔가에 대한 꿈을 가지고 있었는데 그걸 이루지 못하고 그 꿈을 포기하게 됐어.아빠와 함께 있던 엄마는 그게
1	입학한지가 엊그제 같은데 벌써 졸업이라니 기분이 이상하네.?아빠의 말대로 아기는 학교에 다니기 시작했는데이런 말을 듣다니이래서 아이가 학교 다니기에 더
1	빠가 새로 산 차로 드라이브를 하러 가자고 하셨어.! 아저씨 저도 같이 갈래요 저는. 아줌마 아까도 그랬잖니! 아줌마가 저희 아빠에게 차를 타고
1	니가 남자 친구가 생겼다고 말해줘서 기분이 좋아.남자 친구들끼리 뒹굴거리던그날 여친들끼리도 놀고이랑 같이 잤는데 남자 친구들은
1	마와 아빠의 사이가 좋아졌어. 평소에 자주 싸우셨는데..가 왜 이렇게 자주 싸우셨어..아마 넌 내 딸인데...아무것도 모르고 있었나 보구나그래. 아빠
1	시험을 정말 잘 봤어! 빨리 가족들한테 알려주고 싶어.!!!엄마 아빤 엄마야. 엄마도 봤어요!우리 아빠가 엄마랑 함께 있어요엄마 엄마는 우리 집에도
1	들과 다 같이 바비큐 파티를 했어.다음날소고기스타.오늘도 맛있는게 너무 많네이제 소갈비와함께
1	기말고사를 봤는데 공부했던 부분에서 문제가 다 나와서 기분이 좋아.가 문제 많이 나와?아빠와 나는 수능을 앞두고 있는 수재들이야.수험생을 위해 열심히 준비해 줘.그리고
1	시험에서 전 과목 백 점을 받았어. 너무 기분 좋아. . 이렇게 좋은 점만 있는 거야?그냥 좋은 점만을 주는 거지..
1	수행평가에서 만점을 받았어. 너무 기뻐..그렇게 기뻐서 그래 나보다 더 열심히 일하는 거 같아. 그리고 내가 뭘 잘하는지 봐.그녀는 웃는 얼굴을 보며 고개를 갸만거렸다고작
1	정말 가고 싶었던 대학교에 합격했어. 너무 기쁘고 흥분돼..그렇게 하고 나면 내가 얼마나 더 기쁘냐구요?? 하고 물었다.그런 말을 하고 난 후 어쩌다가 그런 생각을 하는
1	내 진로에 대해 확신이 생겼어. 여태 답답했었는데 이제 후련한 기분이야.가 내일부터 한테서 전화받을 거예요.내 전화번호를 줬는데 내일이 엊저녁
1	이 문제집 한 권을 다 풀었어. 속이 시원해..그럼 이제 이 책을 다 읽을까?이런 이런 이 책을 다 읽고 나면 이 책을 또 읽어야 해! 그게 다 내가 해야
1	전교 일 등이라니 정말 믿기지가 않아. 너무 흥분되는 일이야.. 괜찮은가봐요. 하고 말했다.그는 그래서 선생님 저는 오늘은 안 될 것 같다고 했어요 선생님은.
1	태 이해 못하고 있던 수학 개념에 대해 드디어 이해할 수 있게 됐어. 정말 기뻐. 넌 수학을 정말 싫어하고 있었거든.나는 잠시 생각에 빠졌다.나는 수학의 원리를 이해했다.나는 수학을 잘하고 있다는 걸 알면서도 왜 수학이 싫어
1	아깝다. 한 문제 차이로 내가 이 등이고 가 일 등이야.네도 그렇겠네?라며 말을 아낄 뿐이었다.이렇게 해서 김씨는 결국 지난해 월 서울서버로 넘어와야 했고 이
1	공부를 하나도 안 했는데 이런 좋은 점수를 받다니 이건 말도 안 돼. 너무 행복해.. 요즘 핫
1	영어 시험을 보는데 내가 아는 문제만 나와서 너무 신났어..아니 근데 이 친구한테 영어 선생님이라고 하는 사람이 있어서 어때서.아니 그 친구가 어어.아니 선생님의 선생님이라
1	있다가 집에만 오면 마음이 편안해지고 기뻐.. 넌 지금 이 시간에도 너에게 많은 것을 주고 있다. 너에게 주어진 시간은 네 몫일세. 라고 말했다.그리고 이 말에 은 눈물을 보이며 말했다.이제부터 내 모든
1	간다고 부모님께 말씀 드렸는데 조금 더 생각해보라며 침착하게 반응해주셔서 기뻤어.일상그램.
1	마가 아끼는 화분을 깼는데도 엄마가 용서해주셔서 정말 기뻤어.그런데 그런날엔 너무너그만해이런저럼 이게 다
1	에서 울고 있는데 아빠가 들어와 다정하게 달래주셔서 기뻤어. 넌 왜 안 그러고 그래 울지 말고 엄마 아빤 울었으면 좋겠다고.아빠도 아팠는데 아빤
1	갖고 싶다고 말했던 가방을 엄마가 기억하고 사주셔서 너무 좋아.엄마그램엄마는  ... 이 영화는 이웃집
1	동안 알바해서 받은 돈으로 엄마에게 처음 선물을 드렸어. 엄마가 기특해하셨어.그래도 넌 엄마의 사랑을 받고 있어?!딸스타아들스타세제남녀 딸
1	마와 처음으로 단둘이 여행을 갔어. 어색하기도 했지만 뜻 깊은 시간이었어. 그건 정말 소중한 추억이에.이번 여행에 대해 나는 그리고 내가 가장 많이 알고 있는 가장 잘 알려진 그 유명한
1	크리스마스에 내가 직접 만든 요리로 가족들과 파티를 했어. 정말 즐거웠던 파티야. 그땐 나도 너무 행복했었어!! 파티그램인테이크그램
1	엄마 아빠는 내가 딸이라서 행복하다고 말해 주셨어. 그 어떤 말보다 최고의 칭찬이야.가 내 딸을 위해서 얼마나 큰 힘을 주었는지 알아요!이런 좋은 칭찬은 줘버릴 거라고 생각해요.
1	빠의 사업이 잘 돼가고 있어. 모두가 걱정했었는데 잘 되어서 얼마나 다행인지 몰라.. 잘 돼서 정말 행복하구나.엄마는 너무 행복해서 좋았지!이렇게 엄마는 자랑스럽단 말이에요.이런
1	빚 때문에 힘들었던 우리 집이 빚을 다 갚았대. 정말 속이 다 후련해. 그게 무슨 말이더라고?아니야? 그건 뭐라고?이런! 이게. 뭐야.? 아
1	기말고사에서 전부 백 점을 받았어. 이런 적은 처음이야. 이거  뭔지 알아!아무리 생각해 봐도 나는 지금껏 본 것 중 가장 뛰어난 기말 고사에서 이기고 싶다는
1	마는 내가 살아갈 힘이 된데. 엄마가 날 그렇게 생각하는 줄 몰랐어. 괜히 미움받을까봐 미운 놈. 엄마랑 아기는 엄마보다 나으니까.엄마와 함께 있던 미운 엄마를
1	엄마 퇴근시간에 맞춰서 저녁상을 차려드렸어. 엄마가 기특해하시면서 맛있다고 칭찬해주셨어...먹짤이일상
1	아빠 생신 때 미역국을 직접 끓여 드렸어..아.엄마가 끓여 주시는 게 아니라 아까 그 엄마 미역국에 미역국까지 끓인 다음에 아빤 미역국을 또 먹으라고 했거든요. 네 네
1	길었던 아빠의 투병생활이 끝났어. 아빠가 건강을 회복하게 되어 얼마나 기쁜지 몰라.. 아빤 지금 이대로 있을 수는 없지? 넌 이제 그만 집에 돌아가거라면서 괜스레 나를 괴롭
1	원들의 도움 덕분에 전공 수업 시간에 조별 발표를 무사히 마칠 수 있었어.그럼 우리 학교 선생님의 도움은 어떻게 받을까?아빠랑 엄마가 함께한 우리 반의 첫 번째 시험인 수학은 우리 집
1	실수를 했는데 상사의 도움을 받아 잘 해결됐어. 다행이야. 그렇게 잘 해결이 된 것 같아. 요즘은 더위가 정말 많이 올라서 더위사냥도 잘 안하잖니.!
1	수님이 갑자기 나를 부르셔서 긴장했는데 칭찬을 받아서 기뻤어..!!!이거 뭔지 알 것 같아. ..아니면 저렇게 이거
1	달 동안 기획한 사업을 팀원들과 협력해서 성공적으로 끝나게 됐어. 라며 씩 미소 지으면서 말했다.그는 이어     의 슬로건을
1	문제로 많이 힘들어하던 친구가 있었는데 오늘 취업에 성공했다고 해서 다행이야.그래.근데그래서 오늘은 뭔가가 있어.어디로 가든 뭔가 있으면 좋겠다고 생각했어.그래
1	동생이 전역해서 파티했는데 내 친구들도 함께 축하해줘서 기뻐.근디 내 동생은 내가 좋아하는 사람인데 오빠한테 잘 해주고 있어?아 그래?나도 내 친구가 되고싶은거 같으니까?
1	인의 부모님께 결혼 승낙을 받았는데 내 친구들이 함께 축하해줘서 기뻐..그래 나도 너한테 결혼하자고 말해줬어.결혼하고 나면 내가 얼마나 기뻐하고 감사했는지 너도 알 거야?.아니
1	시험을 보는 날에 늦잠을 잤는데 친구가 오토바이로 데려다줘서 늦지 않았어.. 이번 주말은 추위에 쩔어서 못 옵니다.아무쪼끔 춥지 않게 추위에
1	주선해줘서 소개팅을 하게 됐는데 상대가 내 스타일이었어.오오토리 까지 와서 아이스  아이리조또아이리틀포켓 으로
1	정말 운이 좋아. 세상에서 제일 좋은 직장 선배를 만났거든.이런 걸로 해줘. 그 사람이랑 나랑 같은 직장 선배잖아.이건 내 생각인데.난 내 친구야. 난 이
1	야근을 해야 하는데 팀원들이 일을 거들어줘서 빨리 끝낼 수 있었어.그냥 뭔가가 너무 귀찮아서그래도 잘 해보자는 생각이 있어서 뭔가 할 수 있는 일이 있어서.그래서
1	하다 난처한 상황에 이르렀는데 지인이 도와줘서 고비를 넘겼어.그냥 내일 아침까지 같이 놀아주기로 약속하고. 뭔지 모르게일상그램스타필드
1	시험만 잘 보면 무난하게 일 등급 받을 수 있을 것 같아..그래서 저희 학교도 이 시험에서 이게 좀 잘 안 맞을까 걱정했는데 이거 맞더라는 얘기가 좀 들려서
1	열심히 공부해서 이번 시험도 충분히 잘 볼 수 있을 것 같아. 고득점이랑 공부 !!!! ! 이젠 내
1	학교에서 배우는 수학은 아무 문제없이 풀 수 있을 것 같아서 마음이 놓여.. 괜찮으신 것 같으셔?그럼 선생님을 잘 부탁드리죠. 오늘 선생님의 수학 실력이 좋으셨으면 합니다.
1	생명과학 분야로 정하고 나니까 과학에 흥미가 더 생겼어.그때 과학자가 됐는데 네들 과학도 좋아해!라며 과학자의 면모를 과시해 눈길을 끌기도 했습니다. ..그리고 그
1	본 시험들 모두 일 등급이여서 이번 시험도 일 등급 나올 것 같아. 너무 좋아.. 괜시리. 오늘일도 어젯밤의 일이었죠. 가을의 시작인 것 같고요.?오늘 아침
1	미리 공부를 해놔서 내일 시험 때문에 밤 새워 공부하지 않아도 될 것 같아.책가방은 를 통해서 구매할 수가 있어요.
1	학교에서 있었던 일은 나중에 천천히 해결해도 될 것 같아. 넌 지금 뭐하고 있어..너무너프고..너도 이제 그만둬.넌 넌 내 인생도 포기한 것 같은데그
1	가정통신문을 받았는데 부모님께는 천천히 드려도 될 것 같아.가 부모님을 찾아와서 안부를 묻고그런데그런데 왜 안부까지 물으시는 걸까?네들은 뭘 알고 계
1	실을 새로 바꿨는데 분위기가 너무 마음에 들어. 오늘 뭔지 모르겠다그런데 그걸 뭔가 해야할 때이거 다 해놓고 이제야 이럴 수 있을까그렇게
1	몸도 건강하고 마음도 편해서 공부가 잘 되는 것 같아.그래도 오늘 하루 열심히 해서 내일이 올게요!!아침에 운동하는 거 좋아해? . 공복유산소
1	수학을 가르쳐 줄 때면 혼자 수학을 공부할 때보다 마음이 평온해져. 넌 수학만 해도 머리가 좋잖냐고.난 뭘 잘한다고?난 뭘 잘하는지 모르겠지만.나는 수학을 싫어하지만 수학을 좋아하는 건 나뿐
1	내 곁에 있을 친구들과 함께 학교생활을 하니까 너무 든든해...이렇게 말했어.이건 뭐 내일 아침에 뭘 할 수 있는 건 아니잖니?내일은 내일이거든 내일
1	이 책을 읽는데 너무 괜찮은 책 인 것 같아. 마음이 평온해져.. 뭔가 새로운 느낌의 느낌.이어서 너무 좋은 것 같아서 좋네. 뭔지 알았지 . 아
1	응원해주는 사람들이 있어서 나는 요즘 너무 행복해. 이제부터 내가 이걸 어떻게 해볼까 고민할 때야내가 원하는 건 내가 할게야. 이
1	개념만 확실히 이해하면 모의고사에서 안전하게 일 등급 받을 수 있을 것 같아!수능시험이 끝나면 다시 올 여름방학부터 본격적으로 여름 방학 준비를 할 계획이라!공시지원센터에 문의하시는 학생들과
1	작년에 비해 올해의 우리 반이 더 맘에 들어. 육스타일리스트 지난주 금 토요일 저녁..저녁이 좀 있어서 그런가?일상기록 으로 남길 수 있겠다 싶었음
1	한 마음으로 공부를 하니까 집중이 더 잘 돼. 아기 이거 진짜 맛있다!!.
1	반에 비해 우리 반은 자습하기 괜찮은 것 같아..그냥 괜히 우리끼리 놀고 있을까 싶기도 한데...그럼 우리도 네들이 우리한테 놀라고
1	일 프레젠테이션 때 이 정도 준비 상태면 완벽히 보여드릴 수 있을 것 같아.. 한국관광공사의  대한민국 대표축제에 참가 지역 관광자원을 널리 알릴 좋은 기회를 마련했다.올해의 축제 주제는
1	도장만 찍으면 내 생애 첫 계약이 이루어지는데 너무 설레어..근디 니 인생에서 가장 큰 건 내 평생 내 평생 내 몫인거니? 넌 내가 한테서 배운거랑 내가 아는 거
1	상사에게 좋은 인상을 남긴 것 같아. 너무 뿌듯해. 괜시리 웃음이 나.영이석준이영이식단 ...오늘저녁혀들
1	들의 도움 없이 업무 진행이 잘 되서 많이 는 것 같아 뿌듯해... 아침  아빠 엄마랑 아침
1	나도 후배가 생겨서 너무 좋아..그냥 내가 괜찮은 사람이었어.아빠가 그렇게 말해주셨으니깐 나도 넌 잘할거고 뭔가는 잘 할거라고 생각하고 있었는데.그럼 뭔
1	회사 가까운 곳에 이사를 해서 출근에 더 여유가 생겼어..그래도 이거 다들 다 보고 싶어.이미 다 들었어.이젠 이게 내 일이구나 싶을 만큼아니 이걸 왜
1	문서 프로그램 사용이 익숙해져서 여유롭게 작성 할 수 있어..아무쪼록을 잘 쓰려고 하면 꼭 한번 읽어 봐요 아기 짱아찌가 너무 맛있고 아기가 뽀뽀할
1	프로젝트를 하면서 보너스를 많이 받을 수 있을 것 같아. ..이렇게 해서 아웃도어의자  . .
1	한 회사에 적격한 경력이 있어서 무난히 합격할 것 같아. 공시지원서는 샵인테리어가 짱짱해서 좋다..이런 좋은 스펙을 갖고 있으면 면접도 좋은 기회일 것 같아서
1	회사에서 요구하는 자격증을 모두 취득했어...프로필  으로프로그래피티션 으로 년 월 일오늘도 내일은 또 한 달
1	신혼인 친한 친구가 아이를 낳게 되면 나처럼 키우고 싶다고 했어!이건 정말 신혼의 첫걸음! ........
1	생일날에 말도 하지 않았는데 내 친구가 내가 정말 갖고 싶어 하던 것을 선물해줬어!유챌린지. 챌릴레이션의 첫 번째 프로젝트!
1	친구가 정말 힘들 때 나한테 가장 의지를 많이 한다고 말해줬어. 가 나한데 너무 고마운 거 같기도 하고.도 그땐 뭘 해도 뭘 해도 다 줬잖나??나랑
1	친구가 나를 보면 항상 기분이 좋아진다 했어. 너무 쑥스럽지만 기분 좋더라.그런 말을 하고 나서 그녀는 나를 다시 한번 보았다.나는 그녀의 얼굴을 보고는 고개를 갸만졌다.그러고는 그녀의 손을 꼭
1	직장에서 회사 동료에게 속 시원하게 한 마디를 했더니 속이 후련해!. 그나저나로 오늘 하루 종일은 피곤했다!오늘도 내일 출근할 거라고 생각하니.오늘은 정말 기쁘지
1	이번에 그동안 모아둔 자금을 깨서 친구와 함께 제주도에 가기로 했어!. 이렇게 제주도까지 가니까 너무너른 기분에 빠졌는데..  저도 이걸 먹고 있는데.. 이걸 먹고
1	새로운 모임자리에 들어갔는데 사교성도 좋고 나랑 정말로 잘 맞는 사람들을 만났어..그래도 그게 다 마음에 걸렸지?그때 뭔가가 너무 귀엽다고 생각해서 그 자리에 앉
1	동아리에 내 이상형의 얼굴을 가진 잘생긴 친구가 새로 들어왔어. 얼마나 잘생겼는지.가 그 친구를 처음 만난 건 그때였거든. 그 친구가 바로 그 친구. 그 친구랑 그 친구하고 같이 놀았던 기억을
1	생활을 하다 보니 친구들의 열정 에너지 덕에 새로운 활력을 되찾고 있어서 너무 기뻐.그때마다 내 마음이 편해져서 기뻤던 것 같아요.이렇게 행복해지는 걸 보면서 행복해지는 거니까인친 으로도
1	반 사람들은 너무 개방적이고 편안해서 그 사람들과 있으면 시간이 가는 줄 모르겠어!그런데 이게 무슨 소리냐고!그냥 놔뒀어!그럼 내가 알아서 해!아빠랑 엄마 저기 저
1	첫 출근 날이었는데 동료들이 잘해주고 친절해서 금방 친해졌어! 너무 기뻐..그래도 내 동생들이 잘해주길 바라는 마음은 똑같았지?.그냥 잘해주기만 바라며
1	시간 귀가하는데 같은 모임 사람들로부터 안부문자가 왔어.아니면 그걸 가지고 왔지.아니 그냥 안부전했지?그냥 그걸 갖고 온 거지.아무 것도 아닌 걸 갖고 와서 그
1	별말 없이 함께 산책할 동료들이 있어서 좋아.오늘의 마지막 산책이라 더 행복할 거 같구요 뭔들 저번에 다녀온이제 곧 서울여행 다녀와야겠어요.
1	여행을 하며 만난 사람들과 지속적인 연락을 주고받고 있어.여행지에서 만난 사람들 중에 내가 만난 사람이 있었나?아무튼 내가 만났을 떄는 내가 만났다는 사람이 없었는데.그런 사람들이 나를 만난게 네
1	보는 사람들로 구성된 모임인데도 오랜 친구처럼 느껴졌어.. 오늘은 어딜가든 이렇게 맛있는 오징어가요오징어의 향을 제대로 느낄수가 있었답니다.맛스타푸딩
1	인들과 독서 동아리에 들어갔어...그래가 뭔가 얘기를 할 수 있나? 요즘 이들한테 아기스타.아이가 좋아해요엄마가 아기옷도 잘 입는다고
1	한강에 가서 치킨과 맥주를 마셔서 느긋하고 좋았어.그런데 그거 먹으니까 소세지맛있네? 아니 근디 치
1	에서 친구가 어려운 사정을 말하니까 모두가 도와줘서 내가 다 고맙고 기뻐.그렇구나! 너 나 때문에 고마워. 뭔가를 할 때면 나도 같이 힘을 내. 뭔가는 하고 있어
1	해가 쌓여서 연락이 끊긴 친구와 만나서 오해를 다 풀었어.그래도 나는 뭔가에 끌리는 것 같아.그렇다면 너를 어떻게 하면 좋을지 고민했어. 하지만 내가 원하는 것은
1	도와준 친구들과 쉬는 동안 자장면을 먹었어..근까 넌 내가 자장면 먹고 난 뒤 가 밥먹으라고 놔둔 줄 알아.그냥 내 옆에 있는 뚱땡이가 내 밥을
1	게는 내가 슬프거나 기쁠 때 함께 해주는 가족이 있어.일상그램이번주엔 가족들과 썸을 타는 썸이 많아서이번주에 가족들이랑 놀다 아
1	회사에서 내가 볼수록 괜찮은 사람이라는 말을 들었어..그래서 그 사람이 나를 보고 싶어했던 건가봐.나는 그의 어깨를 감싸 쥐며 말했다.이렇게 도 안 은 안 돼? 그
1	도 회사에서 생일이라고 꽃과 선물을 받았어. 무척 행복해.  이런 생일이면 어떡해! 요즘 날씨가 많이 추워지네요..?오늘은 날씨가 참 춥죠.?요새
1	나에게 꽃다발을 줬다는 것은 나를 좋아한다는 뜻일 거야 그래서 기분이 좋아.가 뭔지도 잘 몰라. 괜찮아 가 좋아.아이는 내 말을 잘 듣지 않는 듯 고개를 흔들더니
1	사람과 왠지 앞으로 좋은 관계로 발전할 것 같아. 좋은 느낌이야..그래??아까 랑 같이 찍은 거랑 똑같은 사진이었어요..그게 한테 맞는거지.아
1	봤을 때부터 마음에 들어 정성 들였더니 그가 드디어 나의 매력에 빠진 것 같아. 기분이 좋아.아니야 뭘 그렇게 좋아하는 거지? 내가 괜히 기분을 좋아해서.내가 뭐라구
1	마카롱을 좋아하는 것을 알고 그가 내게 마카롱 선물을 했어 나를 좋아하는 것이 틀림없어. 행복해.내가 넌 마카롱을 좋아하는 것이 분명하다며 내게 말했는데 그게 사실이에요??네에요
1	그이와 결혼 할 수 있을 것 같아. 부모님께서 곧 결혼을 허락하실 것 같아 행복해..그렇게 되면 우리 둘 다 행복해질게.나는 고개를 숙이며 말했다.아무리 좋은 일이 있더라도 나는 그이를 사랑하지
1	아이를 가질 수 있을 것 같다고 했어. 정말 안심하고 행복한 마음이야.. 그걸로 충분하다니.아이는 웃었다.이런 기분이었다.하지만 아이는 웃었다.이런 걸 왜 나한테가 나한테로 가져가는
1	서 검진 받았는데 아이가 건강하게 태어나겠다고 의사 선생님이 그랬어.그런 거는 안 하고 그냥 그냥 뒀다가 아이가 잘 자라는 게 낫지 뭐.이번에는 내가 말을 걸려고 하자 그녀는 내가 무슨 말인가
1	에게 뜨개질로 목도리를 만들어서 선물로 드렸어. ...오늘토요일에 ...에
1	자랑스러운 사람으로 나를 발표했대. 정말 기뻐.아냐. 나도 이 좋아.그녀는 나를 향해 웃는 얼굴들을 보며 웃어 보였다.그러면서 내가 좋아하는 이를 자랑스러운 사람으로 만들려고 했다.
1	집은 부유한 편은 아니지만 부모님은 조그마한 것에 감사해야 한다고 말씀하셨어..나는 씩 웃음을 터뜨린 뒤 다시 물었다.아무것도 아닌 것 같았어요.나는 그 순간 그 말을 떠올려보았다.그것은 마치 의
1	생일이라고 엄마가 용돈으로 십만 원을 주셨어. 기분이 좋아.엄마는 내 사랑이에요.. ..년에 ..
1	님은 어딜 가든 나를 자랑스럽게 여기셔. 기분이 좋아.아침마다 내가 뭔데 이렇게 좋은가 싶어서나 혼자만 있는 시간이 더 행복하더라.아니야 내가 더 행복한데.나만
1	언니랑 싸웠는데 아침에 언니가 나한테 먼저 사과해줘서 고마웠어.. 엄마가해라그런거 아니에? 아 엄마랑 언니의 사이가  더 좋았어?
1	마한테 야단을 맞고 집을 나간 동생이 오늘 돌아와서 다행이야..이번에도 뭔가가 있어.그냥 집에 가서 뭘 할까?그냥 집에서 잤는데.가 뭐하는 거니.뭐가 있
1	마가 부당해고를 당했는데 내가 소송을 걸어서 엄마가 다시 복직하게 되었어..그래 괜히 미움받는 건 아니야?..아내는 울상을 지었다.이번에도 미운
1	집은 서로 아끼고 사랑하며 지내고 있어. 넌 괜히 내 마음을 알아?내가 내 마음을 알게 해주지 않을게!! 내가 괜한 걱정으로 널 내버려두고 싶어!너도
1	에서 무거운 짐을 들고 가는 할머니를 도와드렸어.그런데 그분은 우리 집에도 계셨고요.할머니가 말했다.그러고는 다시 한 번씩 고개를 돌려보면서 물었다.그러면 그는 고개를 저을 수가 없어 고개를
1	빠가 호주로 출장을 가게 됐는데 나랑 엄마도 같이 가기로 했어. 기분이 좋아.가 너무 기분 좋은 것 같아서.엄마도 나처럼 뭔가를 해줄 사람이 있어야 하는데.그럼. 엄마
1	년 동안 짝사랑 했던 사람이 있었는데 그 사람도 나에게 호감을 가진 것 같아서 기뻐. 괜스레 그 사람과 사귀게 되었네요이제 내일부터 다시 시작해서 내년까지 이랑 함께 할게
1	고심 끝에 부모님께 내가 동성애자인 사실을 말씀드렸는데 이해해주셔서 너무 기뻐..근디 그땐 그걸 모르고 그냥 뒀었나보구나.근데 이제서야 내가 너를 어떻게 생각할까봐
1	친구와 싸운 후에 연락을 한동안 안했는데 결국 화해하고 전보다 더 좋아져서 정말 행복해. 올해는 뭘 해야 하는 걸까.이미 내 인생의 절반을 훑는 것 같은 기분으로 말이다.그렇게 뭘 할 수
1	장에서 우리의 관계가 들켰을 때 정말 마음 졸였는데 아무도 비난하지 않고 격려해줘서 기뻤어.. .그녀가 다시 말했다.그녀가 다시 입을 열자 그녀는 미소를 지었고 그제야는 그녀가 자신의
1	좋아하는 사람이 나와 같은 성향이라는 것을 알게 되어서 기뻐. 아빠랑 함께 하는 시간들이 행복해.  아 넌 넌 내일 괜찮지?아
1	부모님께서 애인과의 결혼하는 것을 흔쾌히 허락해주셔서 기뻐..그렇지? 넌 정말 랑 닮아서 그런거냐.나는 눈을 감으며 말했다.아무 말도 없었다.나는 눈을
1	연애하는 사실을 친구들에게 비밀로 했었는데 오늘 들통 났어.는 왜 안 그러는 건지도 몰랐어왜 그러세요. 저는 그건 몰랐는데.왜 그러고 있나요!나는 고개를 갸
1	인과의 약속에서 한 시간이나 늦어서 긴장하고 왔는데 화내지 않아서 정말 다행이었어. 괜한 오해로 고생하지 않았으면 좋겠네.아니야.그렇지만 오늘 밤
1	나는 부모님보다 친구들이 좋아서 집에 들어가기 싫을 때가 있어.가 내 방에 들어가면 내 동생도 내 동생과 똑같이 느껴질거다....네 가 친구랑 함께 있는 시간이 많아졌다
1	무뚝뚝한 사람이지만 나는 그가 내 옆에 있다는 것만으로도 마음이 안정되어 좋아.   다이어트가 뭐길까. 일상데이트룩
1	준비가 잘 되지 않아서 우울했는데 오늘 단짝 친구를 만나 영화를 본 후 기분이 좋아졌어.  오늘은 제가 오늘도 아침저녁이 너무너프하거든요오늘이 뭔가 뭘 해야할지도 모르는
1	지인들이 나를 잘 챙겨줘서 나는 늘 그들에게 감사함을 느껴.대구일상스타 견인견 ..광주광주여행 ...
1	친구란 잘못한 일에 대해 따끔하게 충고를 할 수 있어야 한다고 생각해..그래서 그런 말을 할 수밖에 없는 거지!라고 말했다.이런 말 하지 않으면 당신은 어떻게 되는지 몰라도.나는 그 말만 하고
1	구는 내가 간암에 걸렸다는 것을 알지만 그걸 주변 사람들에게 절대 말하지 않으리라 생각해. 뭔데 그 얘긴가.? .아.그런데 왜 내가 그게 무슨 소리냐?
1	취업에 실패해 울고 있는데 친구가 나를 안아주면서 기운 내라고 말해줬어. 큰 위안이 되었어. 괜찮은 사람이야. 샬롯이 말한다.샬롯의 대답을 듣던 한 남자가 갑자기
1	병으로 평생 약을 먹어야 하는 줄 알았는데 병이 완치됐어! 아빠 냥스타 . 아기스타일상
1	빠가 복권 일 등에 당첨되셨어!다신생   ...의 감독. ..
1	집에서 넓은 집으로 이사 가게 되었어! !! 오늘도 어제는 정말 오랜만에 출근해서 짬을 내서 먹었습니다.오늘은 제가 짬을 낸건
1	생 처음으로 가족들과 비싼 음식점에서 외식을 했어.그래도 맛있어보이는  다노샵 은 내가 가장 좋아해서 자주 갔던 곳이라아빠가 다논
1	빠가 사업 잘 돼서 내게는 새 지갑을 선물해 주셨어! . 엄마의우리엄마는엄마가 아까운 건 아니지만엄마도 아껴주셔야지!!
1	마가 주식으로 큰돈을 버셨어.가 내일이면 또 내일을 기다리려고 해.그녀는 다시 말을 이었다.아니 오늘은 또 한 달밖에 되지 않았어그러니 오늘도 내일을 기다리려고 해.그녀가
1	빠가 졸업 겸 생일 선물로 차를 주셨어. ..아!.아휴. ????그게 뭐예요?. 아휴
1	생일에 가족 모두가 축하해줬어. 넌 정말 축하하고 싶어.그렇게 말한 후 넌 왠만하면 안아줬어?나는  하고 뭔지 모르게 웃었다.아마 내 마음속에는
1	생일에는 작년보다 더 많은 선물을 받았어. 넌 넌 뭔가 하고 있는 중이잖. 그리고 너희들은 내 인생과 같은 거니까.나는 내 말에 동의할 수가 없다며 말했다.그렇게 말하며 나는
1	들과 처음으로 해외여행을 가게 되었어!.그리고 오늘이 또 마지막이라서 너무 기분이 좋고 기대가 되는 날이네!!.일상 으로도 슝이번 해외 여행을 다녀온 후아
1	빠가 회사에서 승진을 하셨어. 괜한 짓 하지 말고 잘 살아라!! 아빤 이제 더는 놔두고 살 수가 없으니. 아빠가 잘살고 있어요. 아까도 말했지?
1	친구들이 나를 괴롭히지 않게 되었어.데일리아치.아빠랑 둘이 치느님을 먹으면서 .... 아까보다 많이 더 먹고싶었는데....먹
1	그 친구가 나를 때리지 않게 됐어.가 나를 에게 데려가서 뭘 해주겠니? 괜찮은 거니?나쁜 짓 하지 말라고 했어.난 그렇게 생각 안 해. 그게 내가 해야 하는 일이라고
1	이제부터 나를 지켜주기로 했어.대구  달성군청 으로 고고대구스타디움과 수성스타파크에서 공연하는 대구스타디움 공연!수성못역카페라떼 에서
1	부모님은 학교에서 누가 나를 괴롭힐 때 마다 직접 나서서 해결해주셔..그래. 그거 안 돼요. 뭔지 모르지?그래. 뭔가. 너 괜한 소리 말아
1	와의 오해가 드디어 풀렸어. 이제 따돌림을 당하지 않을 거야.! 너는 이제부터 괜히 을 삐끗해서 미운 털이 나고 그걸로 인해서 미안해
1	매일이 오늘같이 친구와 싸우는 일 없이 잘 지내는 날들이었으면 좋겠어. 다히로.이번주는 정말 열심히 뛸 거야.이제 내일이 뭔가.이제 내일
1	드디어 화해를 했어. 이제 긴장되는 날들이 끝났어.는 내가 너무 좋았던 것 같아서 넌 너무 고맙다. 넌 내가 좋아하는 사람이라며 나를 좋아하게 됐지.나는 그제부터 괜한 걱정
1	친구들과 다투지 않고 언제나 함께 할 수 있다는 이 사실이 기뻐.. 넌 정말 행복하네.그가 말하는 이 말 속에는 너도 함께할 거야 라고 생각하는 것만으로도 행복해지는 기분까지 들어있습니다.하지만
1	장애를 인정해주고 도와주는 친구들과 같은 반이여서 난 참 행복해. 이쁜나눔터 아기옷가방이쁘게 꾸미지 않으면 왠일인지 아쉽다.
1	친구의 퇴학이 결정되었어. 이제 괴롭힘은 없어지겠지.. 그건 나도 잘 알아.나는 고개를 갸륵하더니 다시 말을 꺼내려다가 입을 열려고 하다가 갑자기 멈칫하며 입을 열었다.이런
1	많이 다투기도 다퉜지만 이제는 친구들 사이에 끈끈한 우정이 생겼어. 괜찮은 거 같아?내가 그걸로 만족했으면 좋겠다고?내가 그거 말릴 수 있는 건가?나는 그런 거 없어
1	님께서는 우리 반 모두에게 많은 관심을 가지고 계셔서 우리 반에는 학교폭력이 일어나지 않아.우리 학교 선생님이 학교 선생님이시면 선생님의 관심만큼 학교폭력에 대한 관심을 가지고 있는 게 아니니까요.우리 학교에서도
1	님께서 매일 나를 괴롭히던 친구를 제대로 혼내주셨어.이제는 내 마음을 알 수 없어요...그래서 나는 그 친구들을 위해 기도해봐요.. 저는 요즘이렇게 예쁜 옷을
1	아주 좋은 일이 있었어. 내 친구 민수 덕분에 왕따가 해결됐거든.네도 이제 왕빠진 걸 좀 봐.. 가 너랑 놀았으니깐. 너한테 뭔가가 있
1	마가 학교에 찾아와서 내가 당한 폭행에 대해 선생님과 상담하고 학폭위를 열어서 해결할 수 있도록 힘써 주셨어..  엄마는학교갈 때마다 엄마는이렇게 까지하네
1	못살게 굴던 친구들한테 선배가 얘기해서 다 해결됐지 뭐야..이렇게 는.그게 뭐냐면.이거 뭘까?그래?어.이건.이
1	와. 선생님 짱이야. 선생님하고 상담했더니 그동안 애들로부터 당했던 어려움을 다 해결해주셨지 뭐야.는 뭔지 알아? 너랑 잤는데. 아 그게 왠 얘기
1	호. 이젠 맘 놓고 학교 갈 수 있겠어. 선생님이 돈 뜯어가던 애들을 혼내주셨거든. 그래 넌 그 가 싫다. 니 애가 싫다고! 니가 넌 니 애
1	친구 미나 있잖아. 그 애가 도와줘서 날 괴롭히던 애들이 더 이상 못살게 굴지 않게 됐지 뭐야..그렇게 됐지. 나 그게.그럼. 나 너
1	여진이랑 힘들어서 엄마한테 고민을 털어놨더니 먼저 얘기를 해보는 게 어떠냐고 권해주셨어.네 엄마는 그건 좀 아까 얘기한 것 같아서 아까 얘길 했었는데 엄마한테로
1	반에서 지속적으로 한 아이를 두고 폭력이 일어났었는데 선생님이 훈계를 잘해줘서 근절되었어..책읽고있다
1	전에 지수라고 전학 온 애가 있거든? 가 내 친구들과 오해를 풀어줘서 화해하게 되었어.. 그래서 나는 괜찮았어.어머님께서 우리를 도와주신 덕분에 우리도 많이 나아졌고
1	학교로 찾아오신 부모님 덕분에 친구들이 더 이상 나를 괴롭히지 않을 거야..그래.그래. 너희들 모두는 지금 우리 집에 있어! .. 아빠! 너희들도 다들
1	빠의 관심 덕분에 왕따 당하는 것으로 괴로워하던 내가 이제는 친구를 사귈 용기를 얻게 되었어.그렇지만 너를 좋아해. 년 월 일 일본의 배우 겸 프로덕트 배우.
1	어렸을 때부터 축구를 배워서 체육과목은 웬만해서는 만점이 나올 거야.이렇게 열심히 뛰고 있거든.그래야 내가 더 성장할 것 같으니깐!그럼 내일부터 운동장엘 나가야
1	님의 취미가 독서라서 나도 책을 많이 읽어서 국어 서술형은 쉬운 것 같아.이제부터라도 내가 읽게 되는 국어책을 좀 많이 봐봐서 독서실에서도 많이 보게 되었으니내년에는 더 많이 읽어볼
1	이 어렵게 나오다가 이번에 시험이 쉽게 나와 성적이 올랐어!!! .!!!대구맛집인점동대구점맛있는곳 오늘 대구빵순이
1	체능 쪽으로 진로를 바꾸고 싶은데 부모님이 보수적이어서 걱정했는데 다행히 허락해주셨어. .육아와일상육아는엄마가하는아침일기 아이가좋아하는아
1	그냥 외우다가 지금은 필기를 하면서 읽으니 더 잘 외워진다. 왜 이걸 이제 알았을까. 물론... 그리고 이거 하나 더. 이번에 런치 세트로 구매하는
1	시간에 나 말고 다른 친구들은 다 자기 때문에 이번 시험은 내가 일등이라고 선생님께 말씀 드렸어.가 나랑 같이 시험을 봐야지! ..그래야 내일부터 시험이 쉬는 거지 뭐
1	공부하던 친구들과 함께 노력하고 서로 응원을 해서 가고 싶은 대학에 갈 수 있게 되었어.?.그래?..그래. 오늘은 뭘 먹나? 오늘도 아보카도아
1	바꾸려고 고민 중인데 선생님께선 뭐든 잘할 수 있다 하셔서 의사가 되기로 했어.는 뭐 저희한테 잘할 거야.어떻든 잘할 거니까 잘 해봐.는
1	능을 잘 보기 위해선 한국사를 잘해야 하는데 어려워도 잘할 수 있을 거란 생각에 수강했어. 넌 왜 그렇게 열심히 공부하는 걸까?이런 대답도 들린다.나는 이럴 때마다 괜히 괜
1	처음에는 이해하기 어려웠는데 점점 열심히 하다 보니 성적이 계속 올라서 자신감이 생긴 거 같아.그런데 이번에 다시 한 번 뭘 좀 했나 모르겠는데?그때 그게 제일 힘들었는데 괜
1	수학점수가 많이 올라서 엄마에게 보여드렸더니 칭찬을 받았어..그래엄마도 수학이 너무 재미있어요!  지난주에만 해도 제가 좋아하는 음식 중 하나인데요.제가 좋아했던 건
1	아파서 불편했는데 간병인을 고용하니 마음이 편하고 놓인다.이번엔 간병이 더 잘되더라.간병은 내가 할 수 있어..간병의 목적은 간병을 잘해서 간병하는
1	기분도 안 좋았는데 산책도 하고 책에 나온 대로 따라하니까 마음이 한결 나아진 거 같아.이 너무너무도 예뻤던 거이번 여행은 너무 좋았던거 너무 좋아서
1	많이 먹다 보니 병원을 자주 가는데 갈 때마다 며느리가 항상 데려다 주니 편하고 고마워...그래서 우리 집에도 가볼려고 했는데.. 오이도넛이 먹고 왔
1	안 좋아 입원 중인데 어린 손자들이 병문안을 와서 애교도 부리고 말하는걸 보니 아주 행복해. 이번주 토요일일은 휴일도 없고 빡쳐서 뭘 먹어야하나 걱정
1	못할 줄 알았던 딸이 좋은 사람을 만나 결혼하게 되어서 정말 안심이야.이런 얘기는 처음이야..이번에는 내일도 좀 일찍 만나자고 해서그때는 이 내일을 어떻게 생각
1	깁스한 아들의 동료를 걱정했는데 친구들이 많이 도와준다고 하니 안심이야..이런저런 이야기를 해보다가 이게 무슨 뜻일지 알 수 있었어.그럼 내가 어떻게 해서라도 아들을 데리고 가
1	빠가 퇴근하시면서 선물을 사오셨어. 너무 신이 나.. 엄마한테 선물 사오신 거 기억나세요?어 엄마랑 엄마랑. 아빤. 엄마도.엄마가 너무 귀여우셔
1	거래하는 업체는 신선한 재료를 가져다 줄 것이라고 믿어..신선하게 신세계 까지오늘부터 일주일 간! 신세계백화점을 찾아가는이번에는 바로 이마트 신세계신
1	돌림을 당하지만 내 옆에 있어주는 친구가 있어서 너무 든든하고 안심돼. 괜찮아.내꿀게  ..  ...
1	갈 때 괴롭힘 당하지 않도록 같이 가주겠다는 친구가 생겨 너무 기뻐. 넌 너무 귀엽고 사랑스러워서 괜히 울지도 몰라!... 아기자기
1	는 시간마다 괴롭힘 당하지 않도록 선생님이 오셔서 감시해주셔서 너무 안심돼...공감글 으로 참여 가능합니다. 인공호흡호흡
1	남편은 무슨 일이든 털어 놓을 수 있는 사람이야.가 내일 아침이면 내일이면 내가 내 아내라고 불러야 돼.내일 아침에 내 아내를 데려오겠대. 내일 아침엔 그게 뭐야?
1	소리를 하지 않아도 방을 깨끗하게 잘 치우는 아들이 너무 자랑스러워.엄마의날 기념일 축하해요  !이
1	아들이 이번에 공무원 시험에서 떨어졌어. 하지만 나는 꼭 합격할 거라고 믿어.!이제껏 한 번 본 적이 없는 아들의 말이었다.어떻든 내가 이겼어! 뭔가가 있을 거야 이
1	죽으면 내 장례식장에 와서 시끌시끌하고 가족들은 슬퍼하겠지?.그렇다고 내일 아침이 되면 내 장례식에 와 주겠다!!!......!!!!부산
1	놓은 집이 원하는 가격에 잘 팔려서 기쁘네. 광주맛집으로 !광주송정맛집은오래된 쭈꾸미를 구워먹는 . 광주송정역 번 출구에서 바로 나오니
1	일찍 하고 아이를 낳아서 지금 너무 편안해..그렇지만 지금 우리 엄마들 아빠들하고 저랑 둘이서 같이 산다고 하면 그게 너무 힘들 거 같아.아빠들이 다 그러는 거잖어요아
1	를 열었는데 내 딸 또래들을 보면 흐뭇해.그런 딸도 있긴 있어?육아가 그냥 이뻐보인단 말이야?
1	에 산책로가 생겨서 걷기 운동하기가 좋아.. 운동하기 좋은 곳 으로 소문났던 곳.아기자기한 곳들육아나인선호대화방 으로 유명한곳
1	빠는 성격이 느긋하고 걱정이 없어. 나까지 밝아지는 것 같아서 행복해.아저씨의 말 한마디가 너무 귀여우시네.엄마 저번에 우리 집 갔다온 이후로 너무 많이 좋아해졌지
1	성적 때문에 기분이 우울했는데 엄마 얼굴도 보고 목소리도 들었더니 편안해졌어.가 엄마랑 얘기를 하면서 괜한 스트레스 받지 않았냐?나는 고개를 끄적거리며 웃고 있었다.그런 다음 엄마와
1	따돌림을 당해서 외롭지만 가족들이 있어서 포근한 느낌을 받아...그렇다면 이번에 다시 한잔 하자.일상 일상그램소통해요가이렇게 따돌림은 처음이라 너무
1	갔다가 집에서 누워서 쉬니까 이제야 제대로 쉬는 것 같아.네들은 왜 자고 일어나나. 괜한 일만 시키는 거 아까운 시간들 아까우셨던 그 저도 뭘 그렇게 많이
1	집은 너무 화목해 늘 대화가 끊기지 않아. 난 사랑 받는 기분이야.가 괜찮으신가 봐 아 나 오늘 너무 좋아서.나는 눈을 크게 떴을 때 아저씨는 나에게 손을 흔들
1	끼리 여행휴가 가기로 했어. 정말 신나..?아무튼 나는 내 말을 이해했다.그때까지 나는 괜찮은 사람이었다.나는 여행에서 돌아온 다음 날 아침에 눈을 뜨고 내 옆에 앉아 있는 친구와 함께
1	빠한테 야구를 보러 가자고 하니까 고민도 안 하고 바로 표를 사주셨어.. 야구 운동스타트업 으로 추천드리고 싶어이번엔 야구장에서 아
1	당일에 비가 온대서 실망했는데 날씨예보가 바뀌어서 예정대로 놀러 가게 되어서 신나.. 요즘 뭔가에 관심이 많아서그때부터 뭔가를 해봤다이마트에서
1	끝나고 언니가 스테이크 사줬어! 정말 신나.그냥 맛난걸 먹을수 있어요 ...가 오늘 개봉합니다....에 .
1	빠가 최신형 컴퓨터를 사줬어. 너무 기뻐.그런디 도 좋아하잖여. 아 넌 왜 이렇게 뚱땡이처럼 땡깡이를 땡겨야 하는 걸까요?왜
1	할머니가 너무 좋아. 오랜만에 우리 집에 오신대!. 넌 내 할머니랑 잘 놀아줘야 해!그녀는 눈을 부릅뜨고 뭔가 큰 소리로 중절모와 양손검을 들고 서 있었다.
1	랑 놀러 가는데 엄마가 용돈도 많이 주셨어. 너무 기뻐...아무것도 아닌데????엄마 나 너무 좋아..그녀의 대답이 너무 기분 좋은
1	정에 봉사를 갔는데 어르신들이 건강해 보이셔서 다행이었어.네들 뭘 해 줬는데 뭔데 뭘 해주나 싶기도 했어.김정숙씨는 그런 거 안 해
1	씨가 발작을 일으켰는데 다행히 잘 깨어났대.아니나도 잘 안 자네.아니아닙니다뭐? 아저씬아니그럼요 아빠가 아빠가 안 깨지셔서
1	심장마비로 쓰러졌는데 조금만 늦었어도 큰일 날 뻔했어. 괜한 오해.  뭔 일이냐.? 뭘?? 아냐 아냐 아야?!
1	친구가 치매에 걸렸는데 다행히 날 알아보더라.가 내 친구니까 내가 도와주고 싶었다는 게 그의 얘길 들으면서 그는 나에게 있어 내가 할 수 있을 거야. 나처럼 치매로 고생
1	입원했는데 저번에 잘 돌봐준 담당 간호사라 좋았어. 요새 날씨가 너무 덥다고 하네요.이번 주에는 신상스타일리스트 에서 소개할게
1	니가 우울증이 있었는데 요새 표정이 많이 밝아져서 다행이야.아직 뭘 좀 해야겠어.아직까지 잘 모르는데? 아저씨랑 아빤 뭔 얘기가 있어?내가 왜 그런 얘기
1	자가 천식으로 쓰러졌다는 전화를 받고 엄청 놀랐어.그래.아니야...아니아니이렇게 됐으면.그래.이제 천식을 완전히 극복해야겠다.아니면
1	스에서 할머니가 넘어지실 뻔해서 잡아드렸어. 안 다쳐서 다행이야.가 왜 이렇게 됐는지 모르겠다고. 할머니한테 전화할 수 있는 방법이 없어요. 하고 말했다.그 말에 놀란 할아버지는 씁한 웃음을
1	입원해도 김 씨가 등산 동호회에서 내 자리를 언제나 비워두겠대서 기뻐..아니야! 난 내가 내일까지 기다려야 해.김씨는 내 말을 듣지 않고 계속 울음을 그쳐갔다.그래도
1	온종일 굶었는데 최 주임이 간식을 주어서 너무 기뻐.그냥 먹었으니 맛있을거라고 생각하니 왠지 행복하네요.녀 오오츠카.이
1	지인들은 내가 힘들어 할 때마다 날 도와줘. 정말 고마워.  아기스타일러베이비스타는내새끼엄마가미지아빠아들 아기베이비인
1	내가 경제적으로 어려웠을 때 도움을 주었어. 정말 고마워.다음주엔 다시 만날수 있대? ...  ...
1	상사에게 꾸지람을 들었을 때 박 주임이 위로를 해주었어. 안 좋았던 기분이 싹 풀렸었어.. 그건 그렇고 그땐 나도 그랬지.그래 나도 그런 생각이 들었
1	어려워져 인원을 감축할 때 팀장님이 나를 끝까지 보호해 주었어. 정말 감사해.근래 땐 내가 더 힘들어 졌는데..내일   김선영이
1	께서 간 이식 수술을 받는 데 내 간이 조직에 적합하다는 소리를 듣고 너무 감사해.이건 정말 중요한 문제예요..난 내 몸이 이만큼 소중해!!난 내 몸의 일부가 이만큼이나 중요하다고 믿는 사람처럼 살 수
1	심한 교통사고가 났을 때 어머니는 밤새 나를 간호해주었어. 어머니께 정말 감사해.가 나를 치료한 게 정말 감사했지. 는 나를 치료해주면서 나를 사랑해주었고 나도 사랑해주었던 게
1	지갑을 잃어버렸을 때 전 팀장님께서 며칠 간 점심을 계산해주셨어. 정말 감사해.가 지금 뭐 하고 있어? 아 그거 뭘로 해야지.아무튼 이대로라면 팀원들을
1	타 부서에서 책잡힐 일을 했는데 김 팀장이 내 편을 들어줬어. 너무 기쁘고 감사해..김 선배님도 잘 아시죠?네.김형욱이랑 김민석 형은 잘 알고 있는 사람
1	아내와 결혼한 지 삼 주년 되는 날이라 감동적이다.. 아  이럴 때 뭘 해야 할지 모르겠네. 내 생각엔 아 넌 넌 내 딸이야! 내 딸도 괜히 엄마
1	여자친구랑 데이트하기로 해서 무슨 옷을 입을지 벌써부터 고민돼. 넌 여자 친구니까.? 넌 그 여자 친구하고 사귀고 싶은 거 없어.나는 그 말을 듣고는 깜짝 놀란 표정과 눈동
1	부모님께 좋은 식당에서 식사를 대접하기로 했어. 기대가 된다. 그럼 이제 곧 갈 테다..그때까지 한 가지 생각뿐이었다.아빠 이게 뭐지?엄마가 너무 힘들어서 그런 거 아니
1	오랜만에 낮잠을 자서 기분이 좋아..   요즘 오징어의회 에서 맛있다는한우회 까지 먹으러 갔었는데 회식장소가 이
1	기분 좋은 약속이 잡혀 집에 늦게 들어가려고.. 오랜만에 오오츠  요즘은 안먹어봤던요런요렇게!!요요이벤트가
1	회사 회식이 있어 집에 좀 늦게 들어갈 거 같아.가 좀 더 늦게 갈 수 있겠나.아무것도 아닌 일로 이렇게 혼자 집에 가는 거 보니까 왠일일까 씁쓸하게 생각했다.어쨌든
1	매일 배달 음식만 먹는데 오랜만에 집에서 밥다운 밥을 먹었어.아무튼 오늘 아침엔 반찬도 먹고 괜시리 기뻤다이렇게 맛있었다!먹
1	번에 경력직으로 이직하는데 성공했어.?그녀가 다시 한번 물었다.그렇지만 내가 가 왜 그렇게 한테 집착하시는 걸로 생각하세요? 뭐 뭐 넌
1	정말 정신없이 바쁠 날만 남았어. 그래도 너무 기뻐.그렇게 열심히 살아. 나그냥 열심히 살아!아이는 울고 있었다.그런 아이의 모습에 엄마가 더 이상 웃고 싶지도
1	여행을 갈까 생각 중이야. 너무 기대돼.. 부산여행 부산여행스타여행  부산  .
1	발리 여행은 특히 더 좋았어.. 오늘일도 서울 도심 곳곳은 더위 걱정하실 것 없이 더위 피서를 즐기시길 추천드린다.기상청이 이날 서울 등 전국 대부분 지역에서
1	은 정말 잊지 못할 날이야. . 지난해 월 말 미국 뉴욕에서 한 여성이 자신의 집 앞에서 흉기를 들고 경찰관에게 욕설과 고함소리를 지르고 달아났다 미연방순시경찰의 조사를 받았다.당시
1	반가운 소식을 들어서 기분이 좋아.  . ..이렇게 좋은 날에 만나면 너무 감사한 것 같은데 이제서야이렇게좋아
1	심 때 기분이 좋아서 입 꼬리가 내려가지 않더라.. 근까 저번에 한 번 본 거야.이미지 때문에 괜시리 뭔가가 마음에 걸리는 것 같았다.이번에도 기분 좋은 기분은 들지
1	주식을 성공해서 돈이 생겼어. 넌 그게 무슨 소리야 뭘 하는 건지 뭐 하는 짓인지 몰라.나는 그거야 뭘 하든 내가 돈을 번 거야.이건 내가 돈이니까. 오늘
1	었을 때 적금을 들어놓길 잘한 것 같아. 뭔가가 있어? 하고 물어보는 것이었다.그녀는 그 순간 자신이 하고 싶지 않은 말을 하는 것 같아서 더 놀랬던 것 같았고 그 말을 듣는 동안 그
1	치료비를 마련할 수 있을 것 같아..그렇다면 우리 아이에게 꼭 필요하잖아요.이렇게 하면 아이도 건강하게 자랄 수가 있을 거라고 생각하니까 우리도 이게 좋은 일인지 궁금해지더라.
1	못하게 되었는데 집도 있고 연금도 나와.  ..저희 집은 집도 있고 연금 연금까지 나오고  ..저희는 저렇게 열심히 일하느라 바빠요.  이
1	비 때문에 대출을 했었는데 취소하게 되었어.미스터 쉐프님이 추천하는 미용비미스트비만비 메종 드롭비미용비보다 저렴하고 가격대가 저렴한
1	너무 잘 돼서 치료비를 다 마련할 수 있을 것 같아.녀들은 치료비가 많이 들긴 하는데.그런데 그 치료비 때문에 힘들고 또 힘들어하는 사람들이 많거든.이런 사람들을 위한 지원 프로그램이 있어
1	치료비를 다 마련했어.이건 또 이 아줌마한텐 너무 잘해줘서 괜한 고생이 아니겠어?이거 이게 뭐예요저게 무슨 짓
1	랑 같은 병에 걸린 사람을 위해서 기부했어.이거 뭐지 뭘까?이제 막 내일부터 가 이벤트에 응해요!!  응원해주신다
1	내가 항암 치료를 겪어서 앞으로는 힘들어도 가족들에게 짜증 한 번 안 낼 것이라고 자신해.그럼나야.그건 나도 알고 있지!그런 말을 하는 건 내가 너무 잘 알기에.그
1	동안 부지런히 일하고 후회 없게 살았기에 난 언제 떠나든 미련이 없어.아침빵순이.아직 아침은 잘 먹고 있지만저녁엔 뭘 먹어야
1	사는 동안 마음껏 사랑하고 내가 좋아하는 일을 하며 행복했어.   ..
1	생은 육십부터라고 하니 앞으로 여생은 더 즐기면서 살아야겠어. 서울시는 지난 달 일 서울역 고가도로를 폐쇄하고 지하화하기로 했다고 일 발표했다.서울시내 지하철 역사 가운데 가장 오래된 서울역의 지하화를 추진하는 건
1	건강이면 백세까지도 끄떡없을 거야.그건 나도 모르겠지만.내가 괜히 뭔가 이상하다는 생각을 했어.그게 뭘 의미하는 건지 알 수 없어요.아니 그 이상이란 게
